{"type": "FeatureCollection", "features": [{"type": "Feature", "geometry": {"type": "Point", "coordinates": [-3.1789256, 55.9348007]}, "properties": {"id": "node/25346760", "name": "Swany's", "amenity": "pub", "address": "1 Ratcliffe Terrace", "postcode": "EH9 1SX", "website": null, "outdoor_seating": null, "food": null}}, {"type": "Feature", "geometry": {"type": "Point", "coordinates": [-3.1790559, 55.9349346]}, "properties": {"id": "node/25346762", "name": "Old Bell Inn", "amenity": "pub", "address": "233-235 Causewayside", "postcode": "EH9 1PH", "website": "https://www.oldbelledinburgh.co.uk/", "outdoor_seating": null, "food": null}}, {"type": "Feature", "geometry": {"type": "Point", "coordinates": [-3.1707646, 55.9622881]}, "properties": {"id": "node/25580807", "name": "Old Eastway Tap", "amenity": "pub", "address": "216-218 Easter Road", "postcode": "EH7 5QH", "website": "https://www.crossborders.beer/old-eastway-tap", "outdoor_seating": "yes", "food": null}}, {"type": "Feature", "geometry": {"type": "Point", "coordinates": [-3.1485445, 55.9419785]}, "properties": {"id": "node/30452540", "name": "Sheep Heid Inn", "amenity": "pub", "address": "43-45 The Causeway", "postcode": "EH15 3QA", "website": "https://www.thesheepheidedinburgh.co.uk/", "outdoor_seating": "yes", "food": null}}, {"type": "Feature", "geometry": {"type": "Point", "coordinates": [-3.2065848, 55.9474969]}, "properties": {"id": "node/33179113", "name": "BrewDog Lothian Road", "amenity": "pub", "address": "50 Lothian Road", "postcode": "EH3 9BY", "website": "https://drink.brewdog.com/uk/brewdog-lothian-road", "outdoor_seating": "yes", "food": null}}, {"type": "Feature", "geometry": {"type": "Point", "coordinates": [-3.1901937, 55.9536732]}, "properties": {"id": "node/33185107", "name": "Guildford Arms", "amenity": "pub", "address": "1-3 West Register Street", "postcode": "EH2 2AA", "website": "https://guildfordarms.com/", "outdoor_seating": "no", "food": "yes"}}, {"type": "Feature", "geometry": {"type": "Point", "coordinates": [-3.2011784, 55.9423459]}, "properties": {"id": "node/33214208", "name": "Seamus’s Pub", "amenity": "pub", "address": "15 Brougham Place", "postcode": "EH3 9JX", "website": "https://www.seamuss.co.uk/", "outdoor_seating": null, "food": null}}, {"type": "Feature", "geometry": {"type": "Point", "coordinates": [-3.2737818, 55.9655574]}, "properties": {"id": "node/34013149", "name": "Ye Olde Inn", "amenity": "pub", "address": "25 Main Street", "postcode": "EH4 5BZ", "website": null, "outdoor_seating": null, "food": null}}, {"type": "Feature", "geometry": {"type": "Point", "coordinates": [-3.2051963, 55.9513006]}, "properties": {"id": "node/41483825", "name": "Scotts", "amenity": "pub", "address": "202 Rose Street", "postcode": "EH2 4AZ", "website": null, "outdoor_seating": null, "food": null}}, {"type": "Feature", "geometry": {"type": "Point", "coordinates": [-3.2053144, 55.9514509]}, "properties": {"id": "node/41483829", "name": "Fierce Bar", "amenity": "pub", "address": "167 Rose Street", "postcode": "EH2 4LS", "website": "https://fiercebeer.com/pages/edinburgh-bar", "outdoor_seating": null, "food": null}}, {"type": "Feature", "geometry": {"type": "Point", "coordinates": [-3.2050092, 55.9515013]}, "properties": {"id": "node/41483832", "name": "Dirty Dick's", "amenity": "pub", "address": "159 Rose Street", "postcode": "EH2 4LS", "website": null, "outdoor_seating": null, "food": null}}, {"type": "Feature", "geometry": {"type": "Point", "coordinates": [-3.2039252, 55.9515155]}, "properties": {"id": "node/41483835", "name": "Rose & Crown", "amenity": "pub", "address": "170 Rose Street", "postcode": "EH2 4BA", "website": null, "outdoor_seating": "yes", "food": null}}, {"type": "Feature", "geometry": {"type": "Point", "coordinates": [-3.2039852, 55.9516703]}, "properties": {"id": "node/41483839", "name": "The Shoogly Peg", "amenity": "pub", "address": "133 Rose Street", "postcode": "EH2 4LS", "website": null, "outdoor_seating": null, "food": null}}, {"type": "Feature", "geometry": {"type": "Point", "coordinates": [-3.2036518, 55.9515611]}, "properties": {"id": "node/41483843", "name": "The Black Cat", "amenity": "pub", "address": "168 Rose Street", "postcode": "EH2 4BA", "website": null, "outdoor_seating": "yes", "food": null}}, {"type": "Feature", "geometry": {"type": "Point", "coordinates": [-3.2022759, 55.9517885]}, "properties": {"id": "node/41483847", "name": "The Kenilworth", "amenity": "pub", "address": "152-154 Rose Street", "postcode": "EH2 3JD", "website": "https://www.nicholsonspubs.co.uk/restaurants/scotlandandnorthernireland/thekenilworthrosestreetedinburgh#/", "outdoor_seating": null, "food": null}}, {"type": "Feature", "geometry": {"type": "Point", "coordinates": [-3.1993756, 55.9522826]}, "properties": {"id": "node/41483854", "name": "Auld Hundred", "amenity": "pub", "address": "100 Rose Street", "postcode": "EH2 2NN", "website": "https://auldhundrededinburgh.com/", "outdoor_seating": null, "food": null}}, {"type": "Feature", "geometry": {"type": "Point", "coordinates": [-3.1989321, 55.9525442]}, "properties": {"id": "node/41483858", "name": "Rose Street Brewery", "amenity": "pub", "address": "55-57 Rose Street", "postcode": "EH2 2NH", "website": "https://www.nicholsonspubs.co.uk/restaurants/scotlandandnorthernireland/rosestreetbreweryedinburgh#/", "outdoor_seating": "yes", "food": null}}, {"type": "Feature", "geometry": {"type": "Point", "coordinates": [-3.1981001, 55.9526844]}, "properties": {"id": "node/41483863", "name": "The Black Rose Tavern", "amenity": "pub", "address": "49 Rose Street", "postcode": "EH2 2NH", "website": null, "outdoor_seating": "yes", "food": null}}, {"type": "Feature", "geometry": {"type": "Point", "coordinates": [-3.1964321, 55.9529632]}, "properties": {"id": "node/41483872", "name": "Milnes of Rose Street", "amenity": "pub", "address": "21-23-25 Rose Street", "postcode": null, "website": "https://www.belhaven.co.uk/pubs/midlothian/milnes-bar", "outdoor_seating": "yes", "food": null}}, {"type": "Feature", "geometry": {"type": "Point", "coordinates": [-3.2095437, 55.924695]}, "properties": {"id": "node/52137560", "name": "The Hermitage", "amenity": "pub", "address": "1,3,5 Comiston Road", "postcode": "EH10 6AA", "website": null, "outdoor_seating": "yes", "food": null}}, {"type": "Feature", "geometry": {"type": "Point", "coordinates": [-3.1904838, 55.9537951]}, "properties": {"id": "node/57542915", "name": "Cafe Royal", "amenity": "pub", "address": "19 West Register Street", "postcode": "EH2 2AA", "website": "http://www.caferoyaledinburgh.co.uk/", "outdoor_seating": null, "food": "yes"}}, {"type": "Feature", "geometry": {"type": "Point", "coordinates": [-3.197166, 55.9589659]}, "properties": {"id": "node/57543992", "name": "Cumberland Bar", "amenity": "pub", "address": "1-3 Cumberland Street", "postcode": "EH3 6RT", "website": "https://www.cumberlandbar.co.uk/", "outdoor_seating": "yes", "food": null}}, {"type": "Feature", "geometry": {"type": "Point", "coordinates": [-3.2095223, 55.9265024]}, "properties": {"id": "node/244049913", "name": "Bennets", "amenity": "pub", "address": "1A Maxwell Street", "postcode": "EH10 5HT", "website": null, "outdoor_seating": "yes", "food": null}}, {"type": "Feature", "geometry": {"type": "Point", "coordinates": [-3.1635964, 55.8569995]}, "properties": {"id": "node/245046096", "name": "The Original Rosslyn Inn", "amenity": "pub", "address": null, "postcode": null, "website": null, "outdoor_seating": null, "food": null}}, {"type": "Feature", "geometry": {"type": "Point", "coordinates": [-3.1642271, 55.856833]}, "properties": {"id": "node/245046505", "name": "The Roslin Glen Hotel", "amenity": "pub", "address": null, "postcode": null, "website": null, "outdoor_seating": null, "food": null}}, {"type": "Feature", "geometry": {"type": "Point", "coordinates": [-3.182488, 55.9427354]}, "properties": {"id": "node/248681867", "name": "The Doghouse", "amenity": "pub", "address": "18-24 Clerk Street", "postcode": "EH8 9HX", "website": "https://thedoghouseedinburgh.co.uk/", "outdoor_seating": "no", "food": null}}, {"type": "Feature", "geometry": {"type": "Point", "coordinates": [-3.1873006, 55.9500405]}, "properties": {"id": "node/249967014", "name": "The Inn On The Mile", "amenity": "pub", "address": "82 High Street", "postcode": "EH1 1LL", "website": "https://www.theinnonthemile.co.uk/", "outdoor_seating": null, "food": null}}, {"type": "Feature", "geometry": {"type": "Point", "coordinates": [-3.1698851, 55.9758399]}, "properties": {"id": "node/250142352", "name": "Malt & Hops", "amenity": "pub", "address": "45 Shore", "postcode": "EH6 6QU", "website": null, "outdoor_seating": "yes", "food": null}}, {"type": "Feature", "geometry": {"type": "Point", "coordinates": [-3.2449907, 55.9335481]}, "properties": {"id": "node/250234765", "name": "Luckies", "amenity": "pub", "address": "437 Gorgie Road", "postcode": "EH11 2RT", "website": null, "outdoor_seating": null, "food": null}}, {"type": "Feature", "geometry": {"type": "Point", "coordinates": [-3.1861969, 55.9480679]}, "properties": {"id": "node/250351299", "name": "The Royal Oak", "amenity": "pub", "address": "1 Infirmary Street", "postcode": "EH1 1LT", "website": "http://www.royal-oak-folk.com/", "outdoor_seating": null, "food": null}}, {"type": "Feature", "geometry": {"type": "Point", "coordinates": [-3.1802833, 55.9434922]}, "properties": {"id": "node/255760161", "name": "The Auld Hoose", "amenity": "pub", "address": "23-25 St Leonard's Street", "postcode": "EH8 9QN", "website": "https://theauldhoose.co.uk/", "outdoor_seating": null, "food": null}}, {"type": "Feature", "geometry": {"type": "Point", "coordinates": [-3.395141, 55.9897531]}, "properties": {"id": "node/260493391", "name": "The Ferry Tap", "amenity": "pub", "address": "36 High Street", "postcode": "EH30 9HN", "website": null, "outdoor_seating": null, "food": null}}, {"type": "Feature", "geometry": {"type": "Point", "coordinates": [-3.3980178, 56.0302531]}, "properties": {"id": "node/287593128", "name": "Half Crown", "amenity": "pub", "address": "36 High Street", "postcode": "KY11 1NN", "website": null, "outdoor_seating": null, "food": null}}, {"type": "Feature", "geometry": {"type": "Point", "coordinates": [-3.2098989, 55.9292293]}, "properties": {"id": "node/288902893", "name": "The Merlin", "amenity": "pub", "address": "168 Morningside Road", "postcode": "EH10 4PU", "website": "https://www.belhaven.co.uk/pubs/midlothian/merlin", "outdoor_seating": null, "food": null}}, {"type": "Feature", "geometry": {"type": "Point", "coordinates": [-3.2249547, 55.854622]}, "properties": {"id": "node/289257936", "name": "Flotterstone Inn", "amenity": "pub", "address": null, "postcode": "EH26 0PP", "website": "https://www.flotterstone.co.uk", "outdoor_seating": null, "food": null}}, {"type": "Feature", "geometry": {"type": "Point", "coordinates": [-3.2071208, 55.9574763]}, "properties": {"id": "node/307639901", "name": "The Bailie", "amenity": "pub", "address": "2-4 St Stephen Street", "postcode": "EH3 5AL", "website": "http://www.thebailiebar.co.uk/", "outdoor_seating": "yes", "food": "yes"}}, {"type": "Feature", "geometry": {"type": "Point", "coordinates": [-3.1418499, 55.934636]}, "properties": {"id": "node/313150813", "name": "Oman's", "amenity": "pub", "address": "1 Peffer Place", "postcode": "EH16 4BB", "website": null, "outdoor_seating": null, "food": null}}, {"type": "Feature", "geometry": {"type": "Point", "coordinates": [-3.1780885, 55.9339659]}, "properties": {"id": "node/319517883", "name": "John Leslie", "amenity": "pub", "address": "47 Ratcliffe Terrace", "postcode": "EH9 1SU", "website": null, "outdoor_seating": null, "food": null}}, {"type": "Feature", "geometry": {"type": "Point", "coordinates": [-3.1806361, 55.9368014]}, "properties": {"id": "node/322064154", "name": "Brass Monkey Grange", "amenity": "pub", "address": "1 Grange Road", "postcode": "EH9 1UH", "website": "https://www.brassmonkeygrange.co.uk", "outdoor_seating": null, "food": "yes"}}, {"type": "Feature", "geometry": {"type": "Point", "coordinates": [-3.2060087, 55.9527434]}, "properties": {"id": "node/322777306", "name": "The Cambridge Bar", "amenity": "pub", "address": "20 Young Street", "postcode": "EH2 4JB", "website": "https://thecambridgebar.co.uk/", "outdoor_seating": null, "food": "burger"}}, {"type": "Feature", "geometry": {"type": "Point", "coordinates": [-3.204715, 55.9529635]}, "properties": {"id": "node/322777437", "name": "Oxford Bar", "amenity": "pub", "address": "8 Young Street", "postcode": "EH2 4JB", "website": "http://www.oxfordbar.co.uk/", "outdoor_seating": null, "food": null}}, {"type": "Feature", "geometry": {"type": "Point", "coordinates": [-3.1903346, 55.95908]}, "properties": {"id": "node/333159410", "name": "The Cask and Barrel", "amenity": "pub", "address": "113-115 Broughton Street", "postcode": "EH1 3RZ", "website": null, "outdoor_seating": "no", "food": null}}, {"type": "Feature", "geometry": {"type": "Point", "coordinates": [-3.1719415, 55.9563297]}, "properties": {"id": "node/333159417", "name": "The Regent", "amenity": "pub", "address": "2 Montrose Terrace", "postcode": "EH7 5DL", "website": "https://theregentbar.co.uk/", "outdoor_seating": null, "food": null}}, {"type": "Feature", "geometry": {"type": "Point", "coordinates": [-3.0571353, 55.9442]}, "properties": {"id": "node/333159431", "name": "Stagg's", "amenity": "pub", "address": "81 North High Street", "postcode": "EH21 6JE", "website": null, "outdoor_seating": null, "food": null}}, {"type": "Feature", "geometry": {"type": "Point", "coordinates": [-3.1791766, 55.9421469]}, "properties": {"id": "node/345251451", "name": "Saint Leonard’s Bar and Kitchen", "amenity": "pub", "address": "81-85 St Leonard's Street", "postcode": "EH8 9QY", "website": "https://www.civerinosthehighdive.com/", "outdoor_seating": null, "food": "yes"}}, {"type": "Feature", "geometry": {"type": "Point", "coordinates": [-3.0405559, 55.8712657]}, "properties": {"id": "node/355846414", "name": "Rowan Tree Inn", "amenity": "pub", "address": "5 Eskview Road", "postcode": null, "website": null, "outdoor_seating": null, "food": null}}, {"type": "Feature", "geometry": {"type": "Point", "coordinates": [-3.0661567, 55.9438619]}, "properties": {"id": "node/362165194", "name": "Ship Inn", "amenity": "pub", "address": "184 North High Street", "postcode": "EH21 6BH", "website": "https://www.shipinnmusselburgh.co.uk", "outdoor_seating": "yes", "food": null}}, {"type": "Feature", "geometry": {"type": "Point", "coordinates": [-3.052893, 55.8960606]}, "properties": {"id": "node/364310371", "name": "The Salters", "amenity": "pub", "address": "27 Salters Road", "postcode": "EH22 2DQ", "website": null, "outdoor_seating": null, "food": null}}, {"type": "Feature", "geometry": {"type": "Point", "coordinates": [-3.1108361, 55.9548875]}, "properties": {"id": "node/364441752", "name": "The Esplanade", "amenity": "pub", "address": "62-64 Bath Street", "postcode": "EH15 1HF", "website": null, "outdoor_seating": "yes", "food": null}}, {"type": "Feature", "geometry": {"type": "Point", "coordinates": [-3.1852809, 55.9444398]}, "properties": {"id": "node/366190942", "name": "Pear Tree", "amenity": "pub", "address": "38 West Nicolson Street", "postcode": "EH8 9DD", "website": "https://www.peartreeedinburgh.co.uk/", "outdoor_seating": "yes", "food": null}}, {"type": "Feature", "geometry": {"type": "Point", "coordinates": [-3.1852249, 55.9440818]}, "properties": {"id": "node/366191034", "name": "56 North", "amenity": "bar", "address": "2-8 West Crosscauseway", "postcode": "EH8 9JP", "website": "https://www.fiftysixnorth.co.uk/", "outdoor_seating": "yes", "food": null}}, {"type": "Feature", "geometry": {"type": "Point", "coordinates": [-3.1839282, 55.942148]}, "properties": {"id": "node/366191857", "name": "Dagda", "amenity": "pub", "address": "93-95 Buccleuch Street", "postcode": "EH8 9NG", "website": null, "outdoor_seating": null, "food": null}}, {"type": "Feature", "geometry": {"type": "Point", "coordinates": [-3.2181727, 55.9381591]}, "properties": {"id": "node/367085451", "name": "The Polwarth Tavern", "amenity": "pub", "address": "35 Polwarth Crescent", "postcode": "EH11 1HR", "website": null, "outdoor_seating": null, "food": null}}, {"type": "Feature", "geometry": {"type": "Point", "coordinates": [-3.2187847, 55.9390574]}, "properties": {"id": "node/367085453", "name": "The Golden Rule", "amenity": "pub", "address": "30 Yeaman Place", "postcode": "EH11 1BT", "website": "https://www.goldenruleedinburgh.co.uk/", "outdoor_seating": null, "food": null}}, {"type": "Feature", "geometry": {"type": "Point", "coordinates": [-3.2238438, 55.9389512]}, "properties": {"id": "node/367085455", "name": "The Athletic Arms", "amenity": "pub", "address": "1-2-3 Angle Park Terrace", "postcode": "EH11 2JX", "website": "https://athleticarms.co.uk/", "outdoor_seating": null, "food": null}}, {"type": "Feature", "geometry": {"type": "Point", "coordinates": [-3.2179484, 55.9402871]}, "properties": {"id": "node/367085460", "name": "The Fountain", "amenity": "pub", "address": "131 Dundee Street", "postcode": "EH11 1AX", "website": "http://www.thefountainbar.co.uk/", "outdoor_seating": null, "food": null}}, {"type": "Feature", "geometry": {"type": "Point", "coordinates": [-3.2092395, 55.9358574]}, "properties": {"id": "node/368877716", "name": "Montpeliers", "amenity": "bar", "address": "159A-163A Bruntsfield Place", "postcode": "EH10 4DG", "website": "https://www.montpeliersedinburgh.co.uk/", "outdoor_seating": null, "food": null}}, {"type": "Feature", "geometry": {"type": "Point", "coordinates": [-3.1154153, 55.8834478]}, "properties": {"id": "node/375702591", "name": "Laird & Dog", "amenity": "pub", "address": "5 High Street", "postcode": "EH18 1NA", "website": null, "outdoor_seating": null, "food": null}}, {"type": "Feature", "geometry": {"type": "Point", "coordinates": [-3.1989823, 55.9541177]}, "properties": {"id": "node/418637797", "name": "Thistle Street Bar", "amenity": "pub", "address": "39 Thistle Street", "postcode": "EH2 1DY", "website": null, "outdoor_seating": null, "food": null}}, {"type": "Feature", "geometry": {"type": "Point", "coordinates": [-3.2006252, 55.9633687]}, "properties": {"id": "node/444739625", "name": "The Orchard", "amenity": "pub", "address": "1 Howard Place", "postcode": "EH3 5JZ", "website": "https://theorchardbar.co.uk/", "outdoor_seating": "yes", "food": null}}, {"type": "Feature", "geometry": {"type": "Point", "coordinates": [-3.1593614, 55.9626907]}, "properties": {"id": "node/446392411", "name": "Edinburgh City FC Social Club", "amenity": "pub", "address": "Lochend Road South", "postcode": null, "website": "https://melttakeaway.co.uk/", "outdoor_seating": "no", "food": null}}, {"type": "Feature", "geometry": {"type": "Point", "coordinates": [-3.1713276, 55.9775081]}, "properties": {"id": "node/446754429", "name": "Teuchters Landing", "amenity": "pub", "address": "1C Dock Place", "postcode": "EH6 6LU", "website": "https://teuchtersbar.co.uk/", "outdoor_seating": "yes", "food": null}}, {"type": "Feature", "geometry": {"type": "Point", "coordinates": [-3.1715326, 55.9764865]}, "properties": {"id": "node/446754435", "name": "3 Old Monks", "amenity": "pub", "address": "23 Commercial Street", "postcode": "EH6 6JA", "website": null, "outdoor_seating": null, "food": null}}, {"type": "Feature", "geometry": {"type": "Point", "coordinates": [-3.1695398, 55.9761405]}, "properties": {"id": "node/446759690", "name": "The King's Wark", "amenity": "pub", "address": "36 Shore", "postcode": "EH6 6QU", "website": "https://www.thekingswarkpub.com/", "outdoor_seating": null, "food": "yes"}}, {"type": "Feature", "geometry": {"type": "Point", "coordinates": [-3.1815097, 55.9477654]}, "properties": {"id": "node/474025625", "name": "Pleasance Bar", "amenity": "pub", "address": "60 Pleasance", "postcode": "EH8 9TJ", "website": null, "outdoor_seating": null, "food": null}}, {"type": "Feature", "geometry": {"type": "Point", "coordinates": [-3.2019494, 55.9442459]}, "properties": {"id": "node/474049045", "name": "Brauhaus", "amenity": "pub", "address": "105 Lauriston Place", "postcode": "EH3 9JG", "website": null, "outdoor_seating": null, "food": null}}, {"type": "Feature", "geometry": {"type": "Point", "coordinates": [-3.2261155, 55.9383618]}, "properties": {"id": "node/482352491", "name": "Ardmillan Hotel", "amenity": "pub", "address": "9,10 Ardmillan Terrace", "postcode": "EH11 2JW", "website": "https://ardmillanhotel.co.uk/", "outdoor_seating": null, "food": null}}, {"type": "Feature", "geometry": {"type": "Point", "coordinates": [-3.2302193, 55.9386065]}, "properties": {"id": "node/482428745", "name": "Tynecastle Arms", "amenity": "pub", "address": "92,94 Gorgie Road", "postcode": "EH11 2NP", "website": null, "outdoor_seating": null, "food": null}}, {"type": "Feature", "geometry": {"type": "Point", "coordinates": [-3.2032072, 55.9417361]}, "properties": {"id": "node/482432721", "name": "Bennets Bar", "amenity": "pub", "address": "8 Leven Street", "postcode": "EH3 9LG", "website": "https://kilderkingroup.co.uk/bennets/", "outdoor_seating": null, "food": null}}, {"type": "Feature", "geometry": {"type": "Point", "coordinates": [-3.2350015, 55.9332118]}, "properties": {"id": "node/482902104", "name": "Gray's Mill", "amenity": "pub", "address": null, "postcode": null, "website": null, "outdoor_seating": null, "food": null}}, {"type": "Feature", "geometry": {"type": "Point", "coordinates": [-3.2031782, 55.9459463]}, "properties": {"id": "node/483034256", "name": "Blue Blazer", "amenity": "pub", "address": "2 Spittal Street", "postcode": null, "website": null, "outdoor_seating": "no", "food": null}}, {"type": "Feature", "geometry": {"type": "Point", "coordinates": [-3.1984915, 55.9466693]}, "properties": {"id": "node/483035255", "name": "West Port Oracle", "amenity": "pub", "address": "27,29,31 West Port", "postcode": "EH1 2JA", "website": null, "outdoor_seating": null, "food": null}}, {"type": "Feature", "geometry": {"type": "Point", "coordinates": [-3.1901115, 55.9481196]}, "properties": {"id": "node/483045947", "name": "Three Sisters", "amenity": "pub", "address": "139 Cowgate", "postcode": "EH1 1JS", "website": "https://thethreesistersbar.co.uk/", "outdoor_seating": null, "food": null}}, {"type": "Feature", "geometry": {"type": "Point", "coordinates": [-3.2027684, 55.9375907]}, "properties": {"id": "node/499994553", "name": "Black Ivy", "amenity": "bar", "address": "2,4", "postcode": "EH9 1DU", "website": "https://weareblackivy.com/", "outdoor_seating": "yes", "food": null}}, {"type": "Feature", "geometry": {"type": "Point", "coordinates": [-3.1817525, 55.9391025]}, "properties": {"id": "node/504318323", "name": "Drouthy Neebors", "amenity": "pub", "address": "1 West Preston Street", "postcode": "EH8 9PX", "website": "http://www.drouthyneebors-edinburgh.co.uk/", "outdoor_seating": null, "food": null}}, {"type": "Feature", "geometry": {"type": "Point", "coordinates": [-3.1837414, 55.9438995]}, "properties": {"id": "node/507247282", "name": "Greenmantle", "amenity": "pub", "address": "44 West Crosscauseway", "postcode": "EH8 9JP", "website": "http://www.greenmantlepub.co.uk/", "outdoor_seating": null, "food": null}}, {"type": "Feature", "geometry": {"type": "Point", "coordinates": [-3.1906398, 55.950658]}, "properties": {"id": "node/511213047", "name": "The Malt Shovel", "amenity": "pub", "address": "11-15 Cockburn Street", "postcode": "EH1 1BP", "website": "https://www.belhaven.co.uk/pubs/midlothian/malt-shovel-inn", "outdoor_seating": "yes", "food": null}}, {"type": "Feature", "geometry": {"type": "Point", "coordinates": [-2.9843787, 55.9592899]}, "properties": {"id": "node/511310740", "name": "The Railway Tavern", "amenity": "pub", "address": "129 High Street", "postcode": "EH32 9AX", "website": null, "outdoor_seating": null, "food": null}}, {"type": "Feature", "geometry": {"type": "Point", "coordinates": [-2.9593704, 55.9715212]}, "properties": {"id": "node/511451555", "name": "The Thorntree Inn", "amenity": "pub", "address": "100 High Street", "postcode": "EH32 0DQ", "website": null, "outdoor_seating": null, "food": null}}, {"type": "Feature", "geometry": {"type": "Point", "coordinates": [-3.203527, 55.9580163]}, "properties": {"id": "node/514064329", "name": "St. Vincent Bar", "amenity": "pub", "address": "11 St Vincent Street", "postcode": "EH3 6SW", "website": "https://stvincentbar.com/", "outdoor_seating": "yes", "food": null}}, {"type": "Feature", "geometry": {"type": "Point", "coordinates": [-3.1734609, 55.9759717]}, "properties": {"id": "node/570313187", "name": "Roseleaf", "amenity": "pub", "address": "23-24 Sandport Place", "postcode": "EH6 6EW", "website": "https://www.roseleaf.co.uk/", "outdoor_seating": null, "food": "yes"}}, {"type": "Feature", "geometry": {"type": "Point", "coordinates": [-3.1892992, 55.9797161]}, "properties": {"id": "node/570313189", "name": "Basils", "amenity": "pub", "address": "9-10-11 Annfield", "postcode": "EH6 4JF", "website": null, "outdoor_seating": null, "food": null}}, {"type": "Feature", "geometry": {"type": "Point", "coordinates": [-3.1875583, 55.9796063]}, "properties": {"id": "node/570313190", "name": "Prom Bar", "amenity": "pub", "address": "2,3", "postcode": "EH6 4JG", "website": null, "outdoor_seating": null, "food": null}}, {"type": "Feature", "geometry": {"type": "Point", "coordinates": [-3.1864937, 55.978931]}, "properties": {"id": "node/570313191", "name": "Dreadnought", "amenity": "pub", "address": "72 North Fort Street", "postcode": "EH6 4HL", "website": "http://dreadnoughtleith.com/", "outdoor_seating": "yes", "food": null}}, {"type": "Feature", "geometry": {"type": "Point", "coordinates": [-3.1950566, 55.9806629]}, "properties": {"id": "node/570313192", "name": "The Harbour Inn", "amenity": "pub", "address": "4-6 Fishmarket Square", "postcode": "EH6 4LW", "website": null, "outdoor_seating": null, "food": null}}, {"type": "Feature", "geometry": {"type": "Point", "coordinates": [-3.1837064, 55.9452016]}, "properties": {"id": "node/570329678", "name": "Southsider", "amenity": "pub", "address": "3-7 West Richmond Street", "postcode": "EH8 9EF", "website": "https://www.greatukpubs.co.uk/southsider-edinburgh", "outdoor_seating": null, "food": null}}, {"type": "Feature", "geometry": {"type": "Point", "coordinates": [-3.1689618, 55.9774474]}, "properties": {"id": "node/573376741", "name": "The Shore Bar & Restaurant", "amenity": "pub", "address": "3 Shore", "postcode": "EH6 6QW", "website": "http://www.fishersbistros.co.uk/the-shore-bar-and-restaurant.php", "outdoor_seating": "yes", "food": "yes"}}, {"type": "Feature", "geometry": {"type": "Point", "coordinates": [-3.1693439, 55.9764292]}, "properties": {"id": "node/573376837", "name": "The Granary", "amenity": "pub", "address": "32-34 Shore", "postcode": "EH6 6QN", "website": "https://granaryleith.co.uk/", "outdoor_seating": "yes", "food": "yes"}}, {"type": "Feature", "geometry": {"type": "Point", "coordinates": [-3.1724043, 55.974439]}, "properties": {"id": "node/573376870", "name": "Three Marys", "amenity": "pub", "address": "63-65 Henderson Street", "postcode": "EH6 6ED", "website": "https://threemarysbar.co.uk", "outdoor_seating": null, "food": null}}, {"type": "Feature", "geometry": {"type": "Point", "coordinates": [-3.1950367, 55.9825564]}, "properties": {"id": "node/573453333", "name": "Brewers Fayre", "amenity": "pub", "address": "51-53 Newhaven Place", "postcode": "EH6 4TX", "website": "https://www.brewersfayre.co.uk/en-gb/locations/edinburgh/newhaven-quay", "outdoor_seating": null, "food": null}}, {"type": "Feature", "geometry": {"type": "Point", "coordinates": [-3.1679668, 55.9681987]}, "properties": {"id": "node/573453335", "name": "Persevere", "amenity": "pub", "address": "398 Easter Road", "postcode": "EH6 8HT", "website": "https://www.the-percy.co.uk/persevere.html", "outdoor_seating": "no", "food": "yes"}}, {"type": "Feature", "geometry": {"type": "Point", "coordinates": [-3.1729052, 55.9770823]}, "properties": {"id": "node/573453337", "name": "Lost in Leith", "amenity": "bar", "address": "82 Commercial Street", "postcode": null, "website": null, "outdoor_seating": null, "food": null}}, {"type": "Feature", "geometry": {"type": "Point", "coordinates": [-3.1671784, 55.9752829]}, "properties": {"id": "node/573453376", "name": "Diggers Leith", "amenity": "pub", "address": "7 Bernard Street", "postcode": "EH6 6PW", "website": null, "outdoor_seating": null, "food": null}}, {"type": "Feature", "geometry": {"type": "Point", "coordinates": [-3.1685724, 55.9761076]}, "properties": {"id": "node/573453379", "name": "Carriers Quarters", "amenity": "pub", "address": "42 Bernard Street", "postcode": "EH6 6PR", "website": "https://www.carriersquarters.co.uk/", "outdoor_seating": null, "food": null}}, {"type": "Feature", "geometry": {"type": "Point", "coordinates": [-3.1675124, 55.9746156]}, "properties": {"id": "node/573453389", "name": "Port O' Leith", "amenity": "pub", "address": "58 Constitution Street", "postcode": "EH6 6RS", "website": null, "outdoor_seating": null, "food": null}}, {"type": "Feature", "geometry": {"type": "Point", "coordinates": [-3.1845659, 55.9690969]}, "properties": {"id": "node/573458060", "name": "The Bonnington", "amenity": "pub", "address": "284 Bonnington Road", "postcode": "EH6 5BE", "website": "http://www.bonningtonbar.com/", "outdoor_seating": null, "food": "yes"}}, {"type": "Feature", "geometry": {"type": "Point", "coordinates": [-3.1680879, 55.9689595]}, "properties": {"id": "node/574842100", "name": "Nauticus", "amenity": "pub", "address": "142 Duke Street", "postcode": "EH6 8HR", "website": "http://www.nauticusbar.co.uk/", "outdoor_seating": "no", "food": null}}, {"type": "Feature", "geometry": {"type": "Point", "coordinates": [-3.1607188, 55.9745732]}, "properties": {"id": "node/583287439", "name": "The Finch", "amenity": "bar", "address": "2-4 Bath Road", "postcode": null, "website": "https://www.finchedinburgh.com/", "outdoor_seating": null, "food": null}}, {"type": "Feature", "geometry": {"type": "Point", "coordinates": [-3.2096834, 55.9587858]}, "properties": {"id": "node/585214834", "name": "Hectors", "amenity": "pub", "address": "47-49 Deanhaugh Street", "postcode": "EH4 1LR", "website": "https://www.hectorsstockbridge.co.uk/", "outdoor_seating": null, "food": null}}, {"type": "Feature", "geometry": {"type": "Point", "coordinates": [-3.2099661, 55.95895]}, "properties": {"id": "node/585214835", "name": "The Stockbridge Tap", "amenity": "pub", "address": "2-4-6 Raeburn Place", "postcode": "EH4 1HN", "website": null, "outdoor_seating": null, "food": null}}, {"type": "Feature", "geometry": {"type": "Point", "coordinates": [-3.20805, 55.9581997]}, "properties": {"id": "node/585214836", "name": "The Captain Darling", "amenity": "bar", "address": "16-18 Hamilton Place", "postcode": "EH3 5AU", "website": "https://www.thecaptaindarling.com", "outdoor_seating": "no", "food": "yes"}}, {"type": "Feature", "geometry": {"type": "Point", "coordinates": [-3.2101928, 55.9589564]}, "properties": {"id": "node/585214839", "name": "St Bernards Bar", "amenity": "pub", "address": "10 Raeburn Place", "postcode": "EH4 1HN", "website": null, "outdoor_seating": null, "food": null}}, {"type": "Feature", "geometry": {"type": "Point", "coordinates": [-3.2061965, 55.957956]}, "properties": {"id": "node/585214840", "name": "The Antiquary", "amenity": "pub", "address": "72-78 St Stephen Street", "postcode": "EH3 5AQ", "website": "https://theantiquarybar.co.uk/", "outdoor_seating": null, "food": "yes"}}, {"type": "Feature", "geometry": {"type": "Point", "coordinates": [-3.1971875, 55.9623342]}, "properties": {"id": "node/585214845", "name": "One Canon Mills", "amenity": "pub", "address": "1 Canonmills", "postcode": "EH3 5HA", "website": null, "outdoor_seating": null, "food": null}}, {"type": "Feature", "geometry": {"type": "Point", "coordinates": [-3.1962381, 55.9625719]}, "properties": {"id": "node/585214846", "name": "O’Connor’s", "amenity": "pub", "address": "2-4 Broughton Road", "postcode": "EH7 4EB", "website": null, "outdoor_seating": null, "food": null}}, {"type": "Feature", "geometry": {"type": "Point", "coordinates": [-3.1930464, 55.9642591]}, "properties": {"id": "node/585214847", "name": "Powder Room", "amenity": "pub", "address": "97-99 Broughton Road", "postcode": "EH7 4EG", "website": null, "outdoor_seating": null, "food": null}}, {"type": "Feature", "geometry": {"type": "Point", "coordinates": [-3.1759007, 55.9727043]}, "properties": {"id": "node/585214849", "name": "Fox's Bar", "amenity": "pub", "address": "8 Bonnington Road", "postcode": "EH6 5JD", "website": null, "outdoor_seating": null, "food": null}}, {"type": "Feature", "geometry": {"type": "Point", "coordinates": [-3.0478367, 55.9401881]}, "properties": {"id": "node/586134737", "name": "The Horseshoe Inn", "amenity": "pub", "address": null, "postcode": null, "website": null, "outdoor_seating": null, "food": null}}, {"type": "Feature", "geometry": {"type": "Point", "coordinates": [-3.1765326, 55.963641]}, "properties": {"id": "node/586188837", "name": "The Tourmalet", "amenity": "pub", "address": "25 Buchanan Street", "postcode": "EH6 8SQ", "website": null, "outdoor_seating": null, "food": null}}, {"type": "Feature", "geometry": {"type": "Point", "coordinates": [-3.1645888, 55.9738415]}, "properties": {"id": "node/587758583", "name": "Bowler's Rest", "amenity": "pub", "address": "24 Mitchell Street", "postcode": "EH6 7BD", "website": null, "outdoor_seating": null, "food": null}}, {"type": "Feature", "geometry": {"type": "Point", "coordinates": [-3.1778257, 55.9640338]}, "properties": {"id": "node/588498410", "name": "Brass Monkey", "amenity": "pub", "address": "362 Leith Walk", "postcode": "EH6 5BR", "website": null, "outdoor_seating": "no", "food": null}}, {"type": "Feature", "geometry": {"type": "Point", "coordinates": [-3.1776579, 55.9635684]}, "properties": {"id": "node/588498411", "name": "Boundary Bar", "amenity": "pub", "address": "379 Leith Walk", "postcode": "EH6 8SE", "website": null, "outdoor_seating": "seasonal", "food": null}}, {"type": "Feature", "geometry": {"type": "Point", "coordinates": [-3.1766683, 55.9652504]}, "properties": {"id": "node/588498425", "name": "The Harp & Castle", "amenity": "pub", "address": "298 Leith Walk", "postcode": "EH6 5BU", "website": null, "outdoor_seating": "yes", "food": null}}, {"type": "Feature", "geometry": {"type": "Point", "coordinates": [-3.1748044, 55.9666806]}, "properties": {"id": "node/588498429", "name": "Alhambra Bar", "amenity": "pub", "address": "227 Leith Walk", "postcode": null, "website": null, "outdoor_seating": "yes", "food": null}}, {"type": "Feature", "geometry": {"type": "Point", "coordinates": [-3.1749285, 55.9665025]}, "properties": {"id": "node/588498430", "name": "abode", "amenity": "pub", "address": "229 Leith Walk", "postcode": "EH6 8NY", "website": null, "outdoor_seating": "yes", "food": null}}, {"type": "Feature", "geometry": {"type": "Point", "coordinates": [-3.1748681, 55.9674342]}, "properties": {"id": "node/588498433", "name": "The Volley", "amenity": "bar", "address": "180 Leith Walk", "postcode": null, "website": null, "outdoor_seating": "yes", "food": null}}, {"type": "Feature", "geometry": {"type": "Point", "coordinates": [-3.1717235, 55.970267]}, "properties": {"id": "node/588498446", "name": "The Central Bar", "amenity": "pub", "address": "7-9 Leith Walk", "postcode": "EH6 8LN", "website": null, "outdoor_seating": "no", "food": null}}, {"type": "Feature", "geometry": {"type": "Point", "coordinates": [-3.1721096, 55.9698189]}, "properties": {"id": "node/588498449", "name": "Spey Lounge", "amenity": "pub", "address": "39 Leith Walk", "postcode": "EH6 8LS", "website": null, "outdoor_seating": "no", "food": null}}, {"type": "Feature", "geometry": {"type": "Point", "coordinates": [-3.1699584, 55.9708178]}, "properties": {"id": "node/588498451", "name": "Leith Dockers Social Club", "amenity": "pub", "address": "17-17A Academy Street", "postcode": "EH6 7EE", "website": "https://leithdockersclub.co.uk/", "outdoor_seating": "yes", "food": null}}, {"type": "Feature", "geometry": {"type": "Point", "coordinates": [-3.1703563, 55.9711233]}, "properties": {"id": "node/588498452", "name": "The False Widow", "amenity": "bar", "address": "159 Constitution Street", "postcode": "EH6 7AD", "website": null, "outdoor_seating": null, "food": null}}, {"type": "Feature", "geometry": {"type": "Point", "coordinates": [-3.1708719, 55.970612]}, "properties": {"id": "node/607247164", "name": "The Angel", "amenity": "pub", "address": "183 Constitution Street", "postcode": "EH6 7AA", "website": null, "outdoor_seating": "no", "food": null}}, {"type": "Feature", "geometry": {"type": "Point", "coordinates": [-3.2096344, 55.9356985]}, "properties": {"id": "node/613212065", "name": "Piggs", "amenity": "bar", "address": "171 Bruntsfield Place", "postcode": "EH10 4DG", "website": null, "outdoor_seating": null, "food": null}}, {"type": "Feature", "geometry": {"type": "Point", "coordinates": [-3.190919, 55.9455179]}, "properties": {"id": "node/613227823", "name": "Doctors", "amenity": "pub", "address": "32 Forrest Road", "postcode": "EH1 2QN", "website": "https://www.belhaven.co.uk/pubs/midlothian/doctors", "outdoor_seating": "yes", "food": "yes"}}, {"type": "Feature", "geometry": {"type": "Point", "coordinates": [-3.2074072, 55.9710407]}, "properties": {"id": "node/623960607", "name": "The Inverleith", "amenity": "pub", "address": "10 Bowhill Terrace", "postcode": null, "website": null, "outdoor_seating": null, "food": null}}, {"type": "Feature", "geometry": {"type": "Point", "coordinates": [-3.1867667, 55.9503992]}, "properties": {"id": "node/626986693", "name": "The Royal Mile Tavern", "amenity": "pub", "address": "127 High Street", "postcode": "EH1 1SG", "website": "https://www.royalmiletavern.com/", "outdoor_seating": "yes", "food": null}}, {"type": "Feature", "geometry": {"type": "Point", "coordinates": [-3.2037221, 55.9457026]}, "properties": {"id": "node/634806190", "name": "Monboddo", "amenity": "bar", "address": null, "postcode": null, "website": null, "outdoor_seating": null, "food": null}}, {"type": "Feature", "geometry": {"type": "Point", "coordinates": [-3.2038376, 55.9457011]}, "properties": {"id": "node/634806195", "name": "The Chanter", "amenity": "pub", "address": "30-32 Bread Street", "postcode": "EH3 9AF", "website": "https://www.crafted-social.co.uk/chanter-edinburgh", "outdoor_seating": null, "food": null}}, {"type": "Feature", "geometry": {"type": "Point", "coordinates": [-3.2028172, 55.9459208]}, "properties": {"id": "node/634843086", "name": "Hey Palu", "amenity": "bar", "address": "47,49 Bread Street", "postcode": "EH3 9AH", "website": null, "outdoor_seating": "no", "food": null}}, {"type": "Feature", "geometry": {"type": "Point", "coordinates": [-3.2036644, 55.946038]}, "properties": {"id": "node/634866813", "name": "Footlights Bar & Grill", "amenity": "pub", "address": "7 Spittal Street", "postcode": "EH3 9DY", "website": "https://www.footlightsbar.co.uk/", "outdoor_seating": "yes", "food": null}}, {"type": "Feature", "geometry": {"type": "Point", "coordinates": [-3.1884318, 55.9501558]}, "properties": {"id": "node/639106656", "name": "The Albanach", "amenity": "pub", "address": "197 High Street", "postcode": "EH1 1PE", "website": "https://www.belhaven.co.uk/pubs/midlothian/albanach", "outdoor_seating": "yes", "food": null}}, {"type": "Feature", "geometry": {"type": "Point", "coordinates": [-3.1833374, 55.9740948]}, "properties": {"id": "node/647185187", "name": "The Fort", "amenity": "pub", "address": "16 South Fort Street", "postcode": "EH6 4DN", "website": null, "outdoor_seating": null, "food": null}}, {"type": "Feature", "geometry": {"type": "Point", "coordinates": [-3.2355309, 55.9456394]}, "properties": {"id": "node/652714585", "name": "Murrayfield Bar & Kitchen", "amenity": "pub", "address": "57-59 Roseburn Terrace", "postcode": null, "website": null, "outdoor_seating": null, "food": null}}, {"type": "Feature", "geometry": {"type": "Point", "coordinates": [-3.2338696, 55.9453683]}, "properties": {"id": "node/652714587", "name": "Roseburn Bar", "amenity": "pub", "address": "1-4 Roseburn Terrace", "postcode": "EH12 5NG", "website": null, "outdoor_seating": null, "food": null}}, {"type": "Feature", "geometry": {"type": "Point", "coordinates": [-3.1917057, 55.94738]}, "properties": {"id": "node/658120529", "name": "Frankenstein", "amenity": "pub", "address": "26 George IV Bridge", "postcode": "EH1 1EN", "website": null, "outdoor_seating": null, "food": null}}, {"type": "Feature", "geometry": {"type": "Point", "coordinates": [-3.1939944, 55.9498179]}, "properties": {"id": "node/658120548", "name": "Wash Bar", "amenity": "pub", "address": "11-13 North Bank Street", "postcode": "EH1 2LP", "website": "http://www.washbar.co.uk/", "outdoor_seating": "yes", "food": null}}, {"type": "Feature", "geometry": {"type": "Point", "coordinates": [-3.1909575, 55.9590414]}, "properties": {"id": "node/663451599", "name": "The Ox", "amenity": "pub", "address": "49-51 London Street", "postcode": "EH3 6LX", "website": "https://www.theoxedinburgh.com/", "outdoor_seating": "no", "food": "yes"}}, {"type": "Feature", "geometry": {"type": "Point", "coordinates": [-3.2027656, 55.942227]}, "properties": {"id": "node/674682926", "name": "The Wildcat", "amenity": "pub", "address": "11-13 Tarvit Street", "postcode": "EH3 9LB", "website": "https://thewildcatbar.com/", "outdoor_seating": null, "food": null}}, {"type": "Feature", "geometry": {"type": "Point", "coordinates": [-3.2832943, 55.9404752]}, "properties": {"id": "node/691245711", "name": "Corstorphine Inn", "amenity": "pub", "address": "11 Corstorphine High Street", "postcode": "EH12 7SU", "website": "https://www.belhaven.co.uk/pubs/midlothian/corstorphine-inn", "outdoor_seating": null, "food": null}}, {"type": "Feature", "geometry": {"type": "Point", "coordinates": [-3.2582348, 55.9076779]}, "properties": {"id": "node/699641779", "name": "The Spylaw", "amenity": "pub", "address": "27 Spylaw Street", "postcode": "EH13 0JT", "website": null, "outdoor_seating": null, "food": null}}, {"type": "Feature", "geometry": {"type": "Point", "coordinates": [-3.1888113, 55.9504119]}, "properties": {"id": "node/702500249", "name": "Secret Arcade", "amenity": "bar", "address": "48 Cockburn Street", "postcode": "EH1 1PB", "website": "https://secret-arcade.com/", "outdoor_seating": null, "food": null}}, {"type": "Feature", "geometry": {"type": "Point", "coordinates": [-3.2112702, 55.9512937]}, "properties": {"id": "node/705826908", "name": "The Westroom", "amenity": "bar", "address": "3 Melville Place", "postcode": "EH3 7PR", "website": "https://www.thewestroom.co.uk/", "outdoor_seating": null, "food": "yes"}}, {"type": "Feature", "geometry": {"type": "Point", "coordinates": [-3.2134952, 55.9460249]}, "properties": {"id": "node/705831578", "name": "Hebrides West End", "amenity": "pub", "address": "185 Morrison Street", "postcode": "EH3 8DZ", "website": null, "outdoor_seating": null, "food": null}}, {"type": "Feature", "geometry": {"type": "Point", "coordinates": [-3.2161818, 55.9463839]}, "properties": {"id": "node/705831581", "name": "Haymarket", "amenity": "pub", "address": "11-14A West Maitland Street", "postcode": "EH12 5DS", "website": "https://www.nicholsonspubs.co.uk/haymarketedinburgh/", "outdoor_seating": "yes", "food": null}}, {"type": "Feature", "geometry": {"type": "Point", "coordinates": [-3.2103788, 55.9585881]}, "properties": {"id": "node/727348502", "name": "Crybaby", "amenity": "bar", "address": "4-6 Dean Street", "postcode": "EH4 1LW", "website": "https://linktr.ee/crybabyedinburgh", "outdoor_seating": null, "food": null}}, {"type": "Feature", "geometry": {"type": "Point", "coordinates": [-3.186896, 55.9503821]}, "properties": {"id": "node/732958018", "name": "The Mitre", "amenity": "pub", "address": "131-133 High Street", "postcode": "EH1 1SG", "website": "https://www.nicholsonspubs.co.uk/restaurants/scotlandandnorthernireland/themitrebarroyalmileedinburgh#/", "outdoor_seating": "yes", "food": "yes"}}, {"type": "Feature", "geometry": {"type": "Point", "coordinates": [-3.1929486, 55.9495349]}, "properties": {"id": "node/736215229", "name": "Deacon Brodie's Tavern", "amenity": "pub", "address": "435 Lawnmarket", "postcode": "EH1 2NT", "website": "https://www.nicholsonspubs.co.uk/restaurants/scotlandandnorthernireland/deaconbrodiestavernroyalmileedinburgh#/", "outdoor_seating": "yes", "food": null}}, {"type": "Feature", "geometry": {"type": "Point", "coordinates": [-3.1672626, 55.9748932]}, "properties": {"id": "node/759026026", "name": "Nobles", "amenity": "pub", "address": "44A Constitution Street", "postcode": "EH6 6RS", "website": "http://new.noblesbarleith.co.uk/", "outdoor_seating": null, "food": "yes"}}, {"type": "Feature", "geometry": {"type": "Point", "coordinates": [-3.2060765, 55.9482513]}, "properties": {"id": "node/766185386", "name": "The Caley Picture House", "amenity": "pub", "address": "31 Lothian Road", "postcode": "EH1 2DJ", "website": "https://www.jdwetherspoon.com/pubs/all-pubs/scotland/edinburgh/the-caley-picture-house", "outdoor_seating": null, "food": null}}, {"type": "Feature", "geometry": {"type": "Point", "coordinates": [-3.2313758, 55.9792487]}, "properties": {"id": "node/804415786", "name": "The Anchor Inn", "amenity": "pub", "address": "114 West Granton Road", "postcode": "EH5 1PF", "website": null, "outdoor_seating": "yes", "food": null}}, {"type": "Feature", "geometry": {"type": "Point", "coordinates": [-3.400563, 55.9907136]}, "properties": {"id": "node/826483856", "name": "Edwards", "amenity": "bar", "address": "24 Hopetoun Road", "postcode": null, "website": "https://edwardsqueensferry.co.uk/", "outdoor_seating": null, "food": null}}, {"type": "Feature", "geometry": {"type": "Point", "coordinates": [-3.1876144, 55.9495835]}, "properties": {"id": "node/839139665", "name": "O’Neill's", "amenity": "pub", "address": "9 Hunter Square", "postcode": "EH1 1QW", "website": "https://www.oneills.co.uk/national-search/scotland-and-northern-ireland/edinburgh#/", "outdoor_seating": null, "food": null}}, {"type": "Feature", "geometry": {"type": "Point", "coordinates": [-3.2231372, 55.9055944]}, "properties": {"id": "node/881261251", "name": "Good Companions", "amenity": "bar", "address": "2-4 Oxgangs Bank", "postcode": "EH13 9JT", "website": null, "outdoor_seating": null, "food": null}}, {"type": "Feature", "geometry": {"type": "Point", "coordinates": [-3.1881695, 55.9537866]}, "properties": {"id": "node/913817636", "name": "Newsroom", "amenity": "pub", "address": "5-11 Leith Street", "postcode": "EH1 3AT", "website": "https://www.newsroomedinburgh.co.uk/", "outdoor_seating": "yes", "food": null}}, {"type": "Feature", "geometry": {"type": "Point", "coordinates": [-3.1595595, 55.9695786]}, "properties": {"id": "node/914545594", "name": "The Links Tavern", "amenity": "pub", "address": "5-7 Restalrig Road", "postcode": null, "website": null, "outdoor_seating": null, "food": null}}, {"type": "Feature", "geometry": {"type": "Point", "coordinates": [-3.0986173, 55.9491229]}, "properties": {"id": "node/967747436", "name": "The Ormelie Tavern", "amenity": "pub", "address": "44 Joppa Road", "postcode": "EH15 2ET", "website": null, "outdoor_seating": null, "food": null}}, {"type": "Feature", "geometry": {"type": "Point", "coordinates": [-3.2416803, 55.9615002]}, "properties": {"id": "node/1014050223", "name": "The Scottish Engineer", "amenity": "pub", "address": "76 Telford Road", "postcode": "EH4 2NF", "website": "https://www.thescottishengineer.co.uk/", "outdoor_seating": null, "food": null}}, {"type": "Feature", "geometry": {"type": "Point", "coordinates": [-3.1674332, 55.9747341]}, "properties": {"id": "node/1041861430", "name": "Malones Irish Bar", "amenity": "pub", "address": "48-52 Constitution Street", "postcode": "EH6 6RS", "website": "http://www.malonesleith.com/", "outdoor_seating": "yes", "food": null}}, {"type": "Feature", "geometry": {"type": "Point", "coordinates": [-3.1870575, 55.9573347]}, "properties": {"id": "node/1108860713", "name": "Oh! Outhouse", "amenity": "bar", "address": "12A Broughton Street Lane", "postcode": "EH1 3LY", "website": null, "outdoor_seating": "yes", "food": null}}, {"type": "Feature", "geometry": {"type": "Point", "coordinates": [-3.4230391, 56.0405315]}, "properties": {"id": "node/1190761854", "name": "CJ's Sports Bar", "amenity": "bar", "address": "118 Queensferry Road", "postcode": "KY11 2QZ", "website": null, "outdoor_seating": null, "food": null}}, {"type": "Feature", "geometry": {"type": "Point", "coordinates": [-3.1059146, 55.8752059]}, "properties": {"id": "node/1217512082", "name": "The Anvil Inn", "amenity": "pub", "address": "15 High Street", "postcode": "EH19 2DA", "website": null, "outdoor_seating": null, "food": null}}, {"type": "Feature", "geometry": {"type": "Point", "coordinates": [-3.106962, 55.8742707]}, "properties": {"id": "node/1217513459", "name": "The Chase", "amenity": "pub", "address": "33 Polton Street", "postcode": "EH19 3HB", "website": null, "outdoor_seating": null, "food": null}}, {"type": "Feature", "geometry": {"type": "Point", "coordinates": [-3.4209228, 56.0343953]}, "properties": {"id": "node/1221947201", "name": "Gladyer Inn", "amenity": "bar", "address": null, "postcode": null, "website": null, "outdoor_seating": null, "food": null}}, {"type": "Feature", "geometry": {"type": "Point", "coordinates": [-3.1970768, 55.9537762]}, "properties": {"id": "node/1234959188", "name": "All Bar One", "amenity": "bar", "address": "29-31 George Street", "postcode": "EH2 2PA", "website": "https://www.allbarone.co.uk/national-search/scotland-and-northern-ireland/all-bar-one-george-street-edinburgh#/", "outdoor_seating": "seasonal", "food": null}}, {"type": "Feature", "geometry": {"type": "Point", "coordinates": [-3.1836243, 55.9583594]}, "properties": {"id": "node/1249972539", "name": "Jeremiah's Taproom", "amenity": "pub", "address": "7-8 Elm Row", "postcode": "EH7 4AA", "website": "https://www.jeremiahstaproom.co.uk/", "outdoor_seating": "seasonal", "food": null}}, {"type": "Feature", "geometry": {"type": "Point", "coordinates": [-3.1504235, 55.955159]}, "properties": {"id": "node/1263384299", "name": "The Ball Room", "amenity": "bar", "address": "25 Jock's Lodge", "postcode": "EH8 7AA", "website": "https://www.ballroomscotland.com/meadowbank", "outdoor_seating": null, "food": "yes"}}, {"type": "Feature", "geometry": {"type": "Point", "coordinates": [-3.1800426, 55.9389607]}, "properties": {"id": "node/1319348485", "name": "Cask & Barrel Southside", "amenity": "pub", "address": "24-26 West Preston Street", "postcode": "EH8 9PZ", "website": null, "outdoor_seating": null, "food": null}}, {"type": "Feature", "geometry": {"type": "Point", "coordinates": [-3.1879231, 55.9570705]}, "properties": {"id": "node/1327629857", "name": "Mather’s", "amenity": "pub", "address": "25 Broughton Street", "postcode": "EH1 3JU", "website": null, "outdoor_seating": "no", "food": null}}, {"type": "Feature", "geometry": {"type": "Point", "coordinates": [-3.187766, 55.9568752]}, "properties": {"id": "node/1327629873", "name": "The Street", "amenity": "bar", "address": "2B Picardy Place", "postcode": "EH1 3JT", "website": "https://www.thestreetbaredinburgh.co.uk/", "outdoor_seating": "yes", "food": null}}, {"type": "Feature", "geometry": {"type": "Point", "coordinates": [-3.1883502, 55.9570087]}, "properties": {"id": "node/1327630111", "name": "the basement", "amenity": "bar", "address": "10A-12A Broughton Street", "postcode": "EH1 3RH", "website": "https://www.basement-bar-edinburgh.co.uk/", "outdoor_seating": null, "food": null}}, {"type": "Feature", "geometry": {"type": "Point", "coordinates": [-3.1977278, 55.9527425]}, "properties": {"id": "node/1329619364", "name": "Robertsons 37 Bar", "amenity": "pub", "address": "37 Rose Street", "postcode": "EH2 2NH", "website": null, "outdoor_seating": "yes", "food": null}}, {"type": "Feature", "geometry": {"type": "Point", "coordinates": [-3.1869167, 55.9493788]}, "properties": {"id": "node/1361026044", "name": "The Banshee Labyrinth", "amenity": "pub", "address": "29-35 Niddry Street", "postcode": "EH1 1LG", "website": "https://www.thebansheelabyrinth.com/", "outdoor_seating": null, "food": null}}, {"type": "Feature", "geometry": {"type": "Point", "coordinates": [-3.1978718, 55.9468964]}, "properties": {"id": "node/1367308785", "name": "Fiddler's Arms", "amenity": "pub", "address": "11-13 Grassmarket", "postcode": "EH1 2HY", "website": "https://www.thefiddlersarms.com/", "outdoor_seating": "yes", "food": null}}, {"type": "Feature", "geometry": {"type": "Point", "coordinates": [-3.1941366, 55.9484235]}, "properties": {"id": "node/1367318907", "name": "Bow Bar", "amenity": "pub", "address": "80 West Bow", "postcode": "EH1 2HH", "website": "https://www.thebowbar.co.uk/", "outdoor_seating": "no", "food": null}}, {"type": "Feature", "geometry": {"type": "Point", "coordinates": [-3.1946516, 55.9532705]}, "properties": {"id": "node/1367337816", "name": "Abbotsford", "amenity": "pub", "address": "3-5 Rose Street", "postcode": "EH2 2PR", "website": "https://theabbotsford.com/", "outdoor_seating": null, "food": "yes"}}, {"type": "Feature", "geometry": {"type": "Point", "coordinates": [-3.1830162, 55.9589898]}, "properties": {"id": "node/1369533379", "name": "Joseph Pearce", "amenity": "pub", "address": "23 Elm Row", "postcode": "EH7 4AA", "website": "https://www.bodabar.com/joseph-pearce", "outdoor_seating": "yes", "food": null}}, {"type": "Feature", "geometry": {"type": "Point", "coordinates": [-3.1873885, 55.9541489]}, "properties": {"id": "node/1369534604", "name": "Folly Spirit Labs", "amenity": "bar", "address": "2-6 Calton Road", "postcode": "EH8 8DL", "website": null, "outdoor_seating": null, "food": null}}, {"type": "Feature", "geometry": {"type": "Point", "coordinates": [-3.1881082, 55.9503609]}, "properties": {"id": "node/1369539068", "name": "Scotsman's Lounge", "amenity": "pub", "address": "73 Cockburn Street", "postcode": "EH1 1BU", "website": "https://www.thescotsmanslounge.co.uk/", "outdoor_seating": "yes", "food": null}}, {"type": "Feature", "geometry": {"type": "Point", "coordinates": [-3.4196493, 55.8875576]}, "properties": {"id": "node/1378575152", "name": "The Inn", "amenity": "pub", "address": "42 Main Street", "postcode": "EH27 8AH", "website": null, "outdoor_seating": null, "food": null}}, {"type": "Feature", "geometry": {"type": "Point", "coordinates": [-3.2123118, 55.9493124]}, "properties": {"id": "node/1427181454", "name": "Teuchters", "amenity": "pub", "address": "26 William Street", "postcode": "EH3 7NH", "website": null, "outdoor_seating": null, "food": null}}, {"type": "Feature", "geometry": {"type": "Point", "coordinates": [-3.2077642, 55.9500005]}, "properties": {"id": "node/1434403669", "name": "The Huxley", "amenity": "bar", "address": "1-3 Rutland Street", "postcode": "EH1 2AE", "website": null, "outdoor_seating": null, "food": null}}, {"type": "Feature", "geometry": {"type": "Point", "coordinates": [-3.1878523, 55.9564749]}, "properties": {"id": "node/1437376909", "name": "Conan Doyle", "amenity": "pub", "address": "73 York Place", "postcode": "EH1 3JD", "website": "https://www.nicholsonspubs.co.uk/restaurants/scotlandandnorthernireland/theconandoyleedinburgh", "outdoor_seating": "yes", "food": null}}, {"type": "Feature", "geometry": {"type": "Point", "coordinates": [-3.1850761, 55.9571783]}, "properties": {"id": "node/1437376910", "name": "Theatre Royal", "amenity": "pub", "address": "26-27 Greenside Place", "postcode": "EH1 3AA", "website": "https://www.thetheatreroyalbar.co.uk/", "outdoor_seating": "seasonal", "food": "yes"}}, {"type": "Feature", "geometry": {"type": "Point", "coordinates": [-3.185202, 55.9570708]}, "properties": {"id": "node/1437376911", "name": "C.C. Blooms", "amenity": "bar", "address": "23-24 Greenside Place", "postcode": "EH1 3AA", "website": "http://ccbloomsedinburgh.com/", "outdoor_seating": "seasonal", "food": null}}, {"type": "Feature", "geometry": {"type": "Point", "coordinates": [-3.0697975, 55.8941779]}, "properties": {"id": "node/1474994533", "name": "The Buccleuch", "amenity": "pub", "address": "90 High Street", "postcode": "EH22 1HZ", "website": null, "outdoor_seating": null, "food": null}}, {"type": "Feature", "geometry": {"type": "Point", "coordinates": [-3.1684989, 55.9779143]}, "properties": {"id": "node/1502157998", "name": "Malmaison Cafe-Bar", "amenity": "bar", "address": "1 Tower Place", "postcode": "EH6 7BZ", "website": "https://www.malmaison.com/", "outdoor_seating": null, "food": null}}, {"type": "Feature", "geometry": {"type": "Point", "coordinates": [-3.3876775, 55.9897254]}, "properties": {"id": "node/1529914819", "name": "Thirty Knots", "amenity": "pub", "address": "2 Newhalls Road", "postcode": "EH30 9TA", "website": "https://www.thirtyknots-southqueensferry.co.uk/", "outdoor_seating": "yes", "food": "yes"}}, {"type": "Feature", "geometry": {"type": "Point", "coordinates": [-3.1919993, 55.947502]}, "properties": {"id": "node/1557683657", "name": "Oz Bar", "amenity": "pub", "address": "33 Candlemaker Row", "postcode": "EH1 2QG", "website": null, "outdoor_seating": null, "food": null}}, {"type": "Feature", "geometry": {"type": "Point", "coordinates": [-3.1947345, 55.9485285]}, "properties": {"id": "node/1557683661", "name": "The Castle Arms", "amenity": "pub", "address": "6 Johnston Terrace", "postcode": "EH1 2PW", "website": "https://thecastlearmsbistro.co.uk/", "outdoor_seating": null, "food": null}}, {"type": "Feature", "geometry": {"type": "Point", "coordinates": [-3.1873486, 55.954251]}, "properties": {"id": "node/1558008745", "name": "Penny Black", "amenity": "pub", "address": "43 Leith Street", "postcode": "EH1 3AT", "website": null, "outdoor_seating": "seasonal", "food": "bring_your_own"}}, {"type": "Feature", "geometry": {"type": "Point", "coordinates": [-3.1907041, 55.9508675]}, "properties": {"id": "node/1558429123", "name": "Hebrides Bar", "amenity": "pub", "address": "17 Market Street", "postcode": "EH1 1DE", "website": null, "outdoor_seating": null, "food": null}}, {"type": "Feature", "geometry": {"type": "Point", "coordinates": [-3.1905922, 55.9508879]}, "properties": {"id": "node/1558430340", "name": "The Doric", "amenity": "pub", "address": "15-16 Market Street", "postcode": "EH1 1DE", "website": "http://www.the-doric.com/", "outdoor_seating": null, "food": "yes"}}, {"type": "Feature", "geometry": {"type": "Point", "coordinates": [-3.1920758, 55.9536204]}, "properties": {"id": "node/1558431275", "name": "Tiles Bar", "amenity": "pub", "address": "1,2 St Andrew Square", "postcode": "EH2 2BD", "website": "https://www.tilesbar.co.uk/", "outdoor_seating": "yes", "food": null}}, {"type": "Feature", "geometry": {"type": "Point", "coordinates": [-3.2079252, 55.9508253]}, "properties": {"id": "node/1558442814", "name": "Whighams Wine Cellars", "amenity": "pub", "address": "13 Hope Street", "postcode": "EH2 4EL", "website": "https://whighams.com/", "outdoor_seating": null, "food": null}}, {"type": "Feature", "geometry": {"type": "Point", "coordinates": [-3.2007308, 55.9520584]}, "properties": {"id": "node/1558442817", "name": "Element", "amenity": "pub", "address": "112-114 Rose Street", "postcode": "EH2 3JF", "website": "https://www.elementedinburgh.co.uk/", "outdoor_seating": null, "food": null}}, {"type": "Feature", "geometry": {"type": "Point", "coordinates": [-3.2086924, 55.9502264]}, "properties": {"id": "node/1558442818", "name": "Mathers Bar", "amenity": "pub", "address": "1 Queensferry Street", "postcode": "EH2 4PA", "website": null, "outdoor_seating": null, "food": null}}, {"type": "Feature", "geometry": {"type": "Point", "coordinates": [-3.2078124, 55.9506787]}, "properties": {"id": "node/1558442819", "name": "Angels Share", "amenity": "bar", "address": "7 Hope Street", "postcode": "EH2 4EL", "website": null, "outdoor_seating": "yes", "food": null}}, {"type": "Feature", "geometry": {"type": "Point", "coordinates": [-3.2050284, 55.9557144]}, "properties": {"id": "node/1608938020", "name": "Kay's Bar", "amenity": "pub", "address": "39 Jamaica Street West", "postcode": "EH3 6HF", "website": "https://www.kaysbar.uk", "outdoor_seating": null, "food": null}}, {"type": "Feature", "geometry": {"type": "Point", "coordinates": [-3.1955177, 55.9573512]}, "properties": {"id": "node/1608938025", "name": "Star Bar", "amenity": "pub", "address": "1 Northumberland Place", "postcode": "EH3 6LQ", "website": "http://www.starbar.co.uk/", "outdoor_seating": "yes", "food": null}}, {"type": "Feature", "geometry": {"type": "Point", "coordinates": [-3.1894464, 55.9582765]}, "properties": {"id": "node/1608938029", "name": "The Barony Bar", "amenity": "pub", "address": "81-85 Broughton Street", "postcode": "EH1 3RJ", "website": null, "outdoor_seating": "yes", "food": null}}, {"type": "Feature", "geometry": {"type": "Point", "coordinates": [-3.1985636, 55.9568105]}, "properties": {"id": "node/1608938041", "name": "The Wally Dug", "amenity": "pub", "address": "32 Northumberland Street", "postcode": "EH3 6LS", "website": null, "outdoor_seating": null, "food": null}}, {"type": "Feature", "geometry": {"type": "Point", "coordinates": [-2.9523609, 55.9718462]}, "properties": {"id": "node/1641628235", "name": "Seaglass Inn", "amenity": "pub", "address": "18 Links Road", "postcode": "EH32 0DU", "website": null, "outdoor_seating": null, "food": null}}, {"type": "Feature", "geometry": {"type": "Point", "coordinates": [-3.2097325, 55.9354813]}, "properties": {"id": "node/1689531003", "name": "Decanter", "amenity": "bar", "address": "183 Bruntsfield Place", "postcode": "EH10 4DG", "website": "https://decanterbruntsfield.co.uk/", "outdoor_seating": null, "food": null}}, {"type": "Feature", "geometry": {"type": "Point", "coordinates": [-3.1168037, 55.954231]}, "properties": {"id": "node/1699579379", "name": "The Portobello Tap", "amenity": "pub", "address": "87 Portobello High Street", "postcode": "EH15 1AW", "website": null, "outdoor_seating": null, "food": null}}, {"type": "Feature", "geometry": {"type": "Point", "coordinates": [-3.1106422, 55.9519583]}, "properties": {"id": "node/1699579388", "name": "Smith & Gertrude", "amenity": "bar", "address": "254 Portobello High Street", "postcode": "EH15 2AT", "website": "https://smithandgertrude.com/", "outdoor_seating": null, "food": null}}, {"type": "Feature", "geometry": {"type": "Point", "coordinates": [-3.1137161, 55.9524419]}, "properties": {"id": "node/1699579390", "name": "Portobello Bar", "amenity": "pub", "address": "187 Portobello High Street", "postcode": "EH15 1EU", "website": null, "outdoor_seating": null, "food": null}}, {"type": "Feature", "geometry": {"type": "Point", "coordinates": [-3.2034842, 55.951768]}, "properties": {"id": "node/1754796173", "name": "The Amber Rose", "amenity": "pub", "address": "22-26 Castle Street", "postcode": "EH2 3HT", "website": "https://www.greatukpubs.co.uk/amber-rose-edinburgh", "outdoor_seating": "yes", "food": null}}, {"type": "Feature", "geometry": {"type": "Point", "coordinates": [-3.1889619, 55.9449982]}, "properties": {"id": "node/1770134134", "name": "The Library Bar", "amenity": "pub", "address": "13 Bristo Square", "postcode": "EH8 9AJ", "website": null, "outdoor_seating": null, "food": null}}, {"type": "Feature", "geometry": {"type": "Point", "coordinates": [-3.189268, 55.9461775]}, "properties": {"id": "node/1770134135", "name": "The Gilded Saloon", "amenity": "pub", "address": "47 Lothian Street", "postcode": "EH1 1HB", "website": null, "outdoor_seating": "yes", "food": null}}, {"type": "Feature", "geometry": {"type": "Point", "coordinates": [-3.209621, 55.9512756]}, "properties": {"id": "node/1797492269", "name": "Downstairs at Betty's", "amenity": "bar", "address": "15-16 Charlotte Lane", "postcode": "EH2 4QZ", "website": null, "outdoor_seating": null, "food": null}}, {"type": "Feature", "geometry": {"type": "Point", "coordinates": [-3.1733366, 55.9690697]}, "properties": {"id": "node/1809318915", "name": "The Mother Superior", "amenity": "pub", "address": "96-98 Leith Walk", "postcode": "EH6 5HB", "website": null, "outdoor_seating": "yes", "food": null}}, {"type": "Feature", "geometry": {"type": "Point", "coordinates": [-3.182188, 55.9599037]}, "properties": {"id": "node/1809324232", "name": "The Windsor", "amenity": "bar", "address": "45 Elm Row", "postcode": "EH7 4AH", "website": "http://www.windsoredinburgh.co.uk/", "outdoor_seating": "seasonal", "food": null}}, {"type": "Feature", "geometry": {"type": "Point", "coordinates": [-3.210614, 55.948883]}, "properties": {"id": "node/1864889446", "name": "The Fox and Faun", "amenity": "bar", "address": "101 Shandwick Place", "postcode": "EH2 4SD", "website": "https://thefoxandfaun.co.uk/", "outdoor_seating": "yes", "food": null}}, {"type": "Feature", "geometry": {"type": "Point", "coordinates": [-3.1928884, 55.9379885]}, "properties": {"id": "node/1880546995", "name": "The Earl of Marchmont", "amenity": "pub", "address": "22 Marchmont Crescent", "postcode": "EH9 1HG", "website": "http://theearlofmarchmont.blogspot.co.uk/", "outdoor_seating": "yes", "food": null}}, {"type": "Feature", "geometry": {"type": "Point", "coordinates": [-3.1713136, 55.9600272]}, "properties": {"id": "node/1881721774", "name": "The Mash Tun", "amenity": "pub", "address": "154-158 Easter Road", "postcode": "EH7 5RL", "website": "http://www.mashtunedinburgh.co.uk/", "outdoor_seating": "no", "food": null}}, {"type": "Feature", "geometry": {"type": "Point", "coordinates": [-3.1785006, 55.933889]}, "properties": {"id": "node/1927285714", "name": "Piccalilli", "amenity": "bar", "address": "1 Grange Loan", "postcode": "EH9 2NP", "website": "https://www.piccalilliedinburgh.co.uk/", "outdoor_seating": null, "food": null}}, {"type": "Feature", "geometry": {"type": "Point", "coordinates": [-3.2561518, 55.9074504]}, "properties": {"id": "node/1929308806", "name": "Colinton Inn", "amenity": "pub", "address": "12 Bridge Road", "postcode": "EH13 0LQ", "website": "https://www.colintoninn.co.uk/", "outdoor_seating": null, "food": null}}, {"type": "Feature", "geometry": {"type": "Point", "coordinates": [-3.1792194, 55.9763691]}, "properties": {"id": "node/1943465331", "name": "Swanny's Bar", "amenity": "pub", "address": "32 North Junction Street", "postcode": "EH6 6HP", "website": null, "outdoor_seating": null, "food": null}}, {"type": "Feature", "geometry": {"type": "Point", "coordinates": [-3.1856123, 55.9742607]}, "properties": {"id": "node/1946701835", "name": "Oceana", "amenity": "pub", "address": "145 Ferry Road", "postcode": "EH6 4ET", "website": null, "outdoor_seating": null, "food": null}}, {"type": "Feature", "geometry": {"type": "Point", "coordinates": [-3.2122719, 55.9462531]}, "properties": {"id": "node/1951178520", "name": "Thomson's Bar", "amenity": "pub", "address": "182-184 Morrison Street", "postcode": "EH3 8EB", "website": "https://www.thomsonsbaredinburgh.co.uk/", "outdoor_seating": null, "food": null}}, {"type": "Feature", "geometry": {"type": "Point", "coordinates": [-3.2061447, 55.9484187]}, "properties": {"id": "node/1951378276", "name": "Red Squirrel", "amenity": "bar", "address": "21 Lothian Road", "postcode": "EH1 2DJ", "website": null, "outdoor_seating": null, "food": null}}, {"type": "Feature", "geometry": {"type": "Point", "coordinates": [-3.2069638, 55.94749]}, "properties": {"id": "node/1951380239", "name": "All Bar One", "amenity": "bar", "address": "50 Lothian Road", "postcode": "EH3 9BY", "website": "https://www.allbarone.co.uk/allbaroneexchangeplazaedinburgh/", "outdoor_seating": "yes", "food": null}}, {"type": "Feature", "geometry": {"type": "Point", "coordinates": [-3.2125006, 55.9494668]}, "properties": {"id": "node/1951385562", "name": "The Voyage of Buck", "amenity": "pub", "address": "29-31 William Street", "postcode": "EH3 7NG", "website": "https://www.thevoyageofbuckedinburgh.co.uk/", "outdoor_seating": null, "food": null}}, {"type": "Feature", "geometry": {"type": "Point", "coordinates": [-3.2047503, 55.9467103]}, "properties": {"id": "node/1951646416", "name": "Buck’s Bar", "amenity": "bar", "address": "32,34 Grindlay Street", "postcode": "EH3 9AP", "website": "https://bucksbar.co.uk/", "outdoor_seating": "yes", "food": null}}, {"type": "Feature", "geometry": {"type": "Point", "coordinates": [-3.1912896, 55.9460808]}, "properties": {"id": "node/1951680695", "name": "Sandy Bell's", "amenity": "pub", "address": "25 Forrest Road", "postcode": "EH1 2QH", "website": "https://www.sandybellsedinburgh.co.uk/", "outdoor_seating": "no", "food": "yes"}}, {"type": "Feature", "geometry": {"type": "Point", "coordinates": [-3.2725912, 55.9655651]}, "properties": {"id": "node/1966399508", "name": "The Norhet", "amenity": "pub", "address": "45 Main Street", "postcode": "EH4 5BZ", "website": null, "outdoor_seating": null, "food": null}}, {"type": "Feature", "geometry": {"type": "Point", "coordinates": [-3.1901573, 55.9584582]}, "properties": {"id": "node/1968533745", "name": "The Broughton", "amenity": "pub", "address": "46-48A Broughton Street", "postcode": "EH1 3SA", "website": null, "outdoor_seating": "no", "food": "yes"}}, {"type": "Feature", "geometry": {"type": "Point", "coordinates": [-3.20933, 55.949833]}, "properties": {"id": "node/1977943406", "name": "The Grosvenor", "amenity": "pub", "address": "26-28 Shandwick Place", "postcode": "EH2 4RT", "website": "https://www.belhaven.co.uk/pubs/midlothian/grosvenor", "outdoor_seating": "yes", "food": "yes"}}, {"type": "Feature", "geometry": {"type": "Point", "coordinates": [-3.208402, 55.9498913]}, "properties": {"id": "node/1977943407", "name": "The Rat Pack", "amenity": "bar", "address": "9 Shandwick Place", "postcode": "EH2 4RG", "website": "http://www.ratpackpianobar.co.uk/", "outdoor_seating": null, "food": null}}, {"type": "Feature", "geometry": {"type": "Point", "coordinates": [-3.1905918, 55.9537315]}, "properties": {"id": "node/1978359059", "name": "Voodoo Rooms", "amenity": "bar", "address": "19A West Register Street", "postcode": "EH2 2AA", "website": "https://www.thevoodoorooms.com/", "outdoor_seating": null, "food": null}}, {"type": "Feature", "geometry": {"type": "Point", "coordinates": [-3.1852854, 55.9472546]}, "properties": {"id": "node/1996125592", "name": "Brass Monkey", "amenity": "pub", "address": "14 Drummond Street", "postcode": "EH8 9TU", "website": null, "outdoor_seating": null, "food": null}}, {"type": "Feature", "geometry": {"type": "Point", "coordinates": [-3.2158027, 55.9469527]}, "properties": {"id": "node/2072885332", "name": "Old Pal", "amenity": "bar", "address": "28 West Maitland Street", "postcode": "EH12 5DX", "website": "https://www.oldpal.co.uk/", "outdoor_seating": null, "food": null}}, {"type": "Feature", "geometry": {"type": "Point", "coordinates": [-3.2115575, 55.9513702]}, "properties": {"id": "node/2073217320", "name": "Tartan-Thistle", "amenity": "bar", "address": "13A Melville Place", "postcode": "EH3 7PR", "website": null, "outdoor_seating": null, "food": "yes"}}, {"type": "Feature", "geometry": {"type": "Point", "coordinates": [-3.2123074, 55.9495277]}, "properties": {"id": "node/2075163263", "name": "The Green Room", "amenity": "pub", "address": "19-25 William Street", "postcode": "EH3 7NG", "website": "https://www.thegreenroomedinburgh.co.uk/", "outdoor_seating": null, "food": null}}, {"type": "Feature", "geometry": {"type": "Point", "coordinates": [-3.2031887, 55.9421663]}, "properties": {"id": "node/2089188356", "name": "Home Bar", "amenity": "bar", "address": "69 Home Street", "postcode": "EH3 9JP", "website": null, "outdoor_seating": null, "food": null}}, {"type": "Feature", "geometry": {"type": "Point", "coordinates": [-3.2030588, 55.9416745]}, "properties": {"id": "node/2089191352", "name": "Back Stage at Bennets", "amenity": "bar", "address": "32 Valleyfield Street", "postcode": "EH3 9LG", "website": "http://tablesedinburgh.co.uk/", "outdoor_seating": null, "food": null}}, {"type": "Feature", "geometry": {"type": "Point", "coordinates": [-3.2037107, 55.9410838]}, "properties": {"id": "node/2089192516", "name": "The Blackbird", "amenity": "pub", "address": "37-39 Leven Street", "postcode": "EH3 9LH", "website": "https://www.theblackbirdedinburgh.co.uk/", "outdoor_seating": null, "food": "yes"}}, {"type": "Feature", "geometry": {"type": "Point", "coordinates": [-3.2040592, 55.942674]}, "properties": {"id": "node/2089240094", "name": "Cameo Bar", "amenity": "bar", "address": "4-8 Lochrin Place", "postcode": "EH3 9QY", "website": null, "outdoor_seating": "no", "food": null}}, {"type": "Feature", "geometry": {"type": "Point", "coordinates": [-3.2036918, 55.9403588]}, "properties": {"id": "node/2089338544", "name": "The Belfry", "amenity": "bar", "address": "1-3", "postcode": "EH10 4HW", "website": null, "outdoor_seating": null, "food": null}}, {"type": "Feature", "geometry": {"type": "Point", "coordinates": [-3.2066386, 55.9577253]}, "properties": {"id": "node/2095180014", "name": "The Cider House", "amenity": "bar", "address": "42 St Stephen Street", "postcode": "EH3 5AL", "website": "https://edinburghcider.co.uk/the-cider-house", "outdoor_seating": null, "food": null}}, {"type": "Feature", "geometry": {"type": "Point", "coordinates": [-3.1981407, 55.9545337]}, "properties": {"id": "node/2100295733", "name": "Hanover Tap", "amenity": "pub", "address": "112 Hanover Street", "postcode": "EH2 1DR", "website": "https://www.crafted-social.co.uk/hanover-tap-edinburgh", "outdoor_seating": null, "food": null}}, {"type": "Feature", "geometry": {"type": "Point", "coordinates": [-3.1972479, 55.9540721]}, "properties": {"id": "node/2100296075", "name": "Grand Cru", "amenity": "bar", "address": "79-81 Hanover Street", "postcode": "EH2 1EE", "website": "https://grandcrubar.co.uk/", "outdoor_seating": null, "food": null}}, {"type": "Feature", "geometry": {"type": "Point", "coordinates": [-3.1979103, 55.9541197]}, "properties": {"id": "node/2100296096", "name": "Bucks Bar", "amenity": "bar", "address": "90 Hanover Street", "postcode": "EH2 1EL", "website": "https://www.bucksbar.co.uk", "outdoor_seating": "no", "food": "yes"}}, {"type": "Feature", "geometry": {"type": "Point", "coordinates": [-3.1989653, 55.9534316]}, "properties": {"id": "node/2100296134", "name": "Westside Rodeo", "amenity": "bar", "address": "51A George Street", "postcode": "EH2 2HT", "website": "https://www.eastsideedinburgh.co.uk/", "outdoor_seating": "no", "food": null}}, {"type": "Feature", "geometry": {"type": "Point", "coordinates": [-3.2040299, 55.9526918]}, "properties": {"id": "node/2100296334", "name": "Tonic", "amenity": "bar", "address": "34A North Castle Street", "postcode": "EH2 3BN", "website": null, "outdoor_seating": "yes", "food": null}}, {"type": "Feature", "geometry": {"type": "Point", "coordinates": [-3.2041424, 55.9525837]}, "properties": {"id": "node/2100296385", "name": "The Slug and Lettuce", "amenity": "bar", "address": "111-113 George Street", "postcode": "EH2 4JN", "website": "https://www.slugandlettuce.co.uk/edinburgh-george-street", "outdoor_seating": "yes", "food": "yes"}}, {"type": "Feature", "geometry": {"type": "Point", "coordinates": [-3.2057434, 55.9523144]}, "properties": {"id": "node/2100296461", "name": "Browns", "amenity": "bar", "address": "131 George Street", "postcode": "EH2 4JS", "website": "https://www.browns-restaurants.co.uk/", "outdoor_seating": "yes", "food": null}}, {"type": "Feature", "geometry": {"type": "Point", "coordinates": [-3.2063304, 55.950708]}, "properties": {"id": "node/2109786401", "name": "Coyote Ugly", "amenity": "bar", "address": "4 South Charlotte Street", "postcode": "EH2 4AW", "website": "https://www.coyoteuglysaloonuk.com/", "outdoor_seating": null, "food": null}}, {"type": "Feature", "geometry": {"type": "Point", "coordinates": [-3.2080511, 55.9498027]}, "properties": {"id": "node/2110838419", "name": "Ghillie-Dhu", "amenity": "bar", "address": "6 Rutland Place", "postcode": "EH1 2AD", "website": "https://ghillie-dhu.co.uk/", "outdoor_seating": null, "food": null}}, {"type": "Feature", "geometry": {"type": "Point", "coordinates": [-3.1880643, 55.9536574]}, "properties": {"id": "node/2110964848", "name": "Waterloo Bar", "amenity": "pub", "address": "3 Waterloo Place", "postcode": "EH1 3BG", "website": null, "outdoor_seating": "yes", "food": null}}, {"type": "Feature", "geometry": {"type": "Point", "coordinates": [-3.1936981, 55.9498849]}, "properties": {"id": "node/2112358147", "name": "The Makar's Rest", "amenity": "bar", "address": "9 North Bank Street", "postcode": "EH1 2LP", "website": "https://gourmet-mash-bar.com/", "outdoor_seating": "yes", "food": null}}, {"type": "Feature", "geometry": {"type": "Point", "coordinates": [-3.1865438, 55.9504288]}, "properties": {"id": "node/2112426253", "name": "Whiski", "amenity": "pub", "address": "119 High Street", "postcode": "EH1 1SG", "website": "https://www.whiskibar.co.uk/", "outdoor_seating": "yes", "food": null}}, {"type": "Feature", "geometry": {"type": "Point", "coordinates": [-3.1940182, 55.9477219]}, "properties": {"id": "node/2112474893", "name": "Bar Salsa", "amenity": "pub", "address": "3 Cowgatehead", "postcode": "EH1 1JY", "website": null, "outdoor_seating": null, "food": null}}, {"type": "Feature", "geometry": {"type": "Point", "coordinates": [-3.2058334, 55.9475568]}, "properties": {"id": "node/2112504091", "name": "Shakespeares", "amenity": "pub", "address": "65,67 Lothian Road", "postcode": "EH1 2DJ", "website": "https://www.belhaven.co.uk/pubs/midlothian/shakespeare", "outdoor_seating": null, "food": null}}, {"type": "Feature", "geometry": {"type": "Point", "coordinates": [-3.2063421, 55.9459343]}, "properties": {"id": "node/2112504111", "name": "The Festival", "amenity": "pub", "address": "18 Morrison Street", "postcode": "EH3 8BJ", "website": "https://www.belhaven.co.uk/pubs/midlothian/festival", "outdoor_seating": "no", "food": null}}, {"type": "Feature", "geometry": {"type": "Point", "coordinates": [-3.200505, 55.9536675]}, "properties": {"id": "node/2114321902", "name": "Queen's Arms", "amenity": "pub", "address": "49 Frederick Street", "postcode": "EH2 1EP", "website": "https://www.queensarmsedinburgh.com/", "outdoor_seating": null, "food": null}}, {"type": "Feature", "geometry": {"type": "Point", "coordinates": [-3.1980907, 55.9544387]}, "properties": {"id": "node/2114384788", "name": "Boston Bar", "amenity": "bar", "address": "104 Hanover Street", "postcode": "EH2 1DR", "website": null, "outdoor_seating": null, "food": null}}, {"type": "Feature", "geometry": {"type": "Point", "coordinates": [-3.1857448, 55.9565066]}, "properties": {"id": "node/2121794767", "name": "The Playfair", "amenity": "pub", "address": "Leith Walk", "postcode": "EH1 3AJ", "website": "https://www.jdwetherspoon.com/pubs/the-playfair-edinburgh/", "outdoor_seating": "yes", "food": null}}, {"type": "Feature", "geometry": {"type": "Point", "coordinates": [-3.2098937, 55.9515458]}, "properties": {"id": "node/2126282231", "name": "Le Di-Vin", "amenity": "bar", "address": "9 Randolph Place", "postcode": "EH3 7TE", "website": "https://www.ledivin.co.uk/", "outdoor_seating": null, "food": null}}, {"type": "Feature", "geometry": {"type": "Point", "coordinates": [-3.2096344, 55.9511347]}, "properties": {"id": "node/2126282232", "name": "Indigo Yard", "amenity": "bar", "address": "7 Charlotte Lane", "postcode": "EH2 4QZ", "website": null, "outdoor_seating": null, "food": null}}, {"type": "Feature", "geometry": {"type": "Point", "coordinates": [-3.2008808, 55.9520324]}, "properties": {"id": "node/2127679430", "name": "The Potions Cauldron", "amenity": "pub", "address": "116A Rose Street", "postcode": "EH2 3JF", "website": "https://www.thepotionscauldron.com/edinburgh", "outdoor_seating": null, "food": null}}, {"type": "Feature", "geometry": {"type": "Point", "coordinates": [-3.1995444, 55.95214]}, "properties": {"id": "node/2127679448", "name": "The Boozy Cow", "amenity": "bar", "address": "17 Frederick Street", "postcode": "EH2 2EY", "website": "http://www.boozycow.com/edinburgh/", "outdoor_seating": null, "food": null}}, {"type": "Feature", "geometry": {"type": "Point", "coordinates": [-3.1902701, 55.9511646]}, "properties": {"id": "node/2136096059", "name": "Belushi's", "amenity": "bar", "address": "32-34 Market Street", "postcode": "EH1 1DF", "website": "https://belushis.com/edinburgh-old-town", "outdoor_seating": "no", "food": null}}, {"type": "Feature", "geometry": {"type": "Point", "coordinates": [-3.1990322, 55.9534197]}, "properties": {"id": "node/2136246306", "name": "The Alchemist", "amenity": "pub", "address": "51 George Street", "postcode": "EH2 2HT", "website": "https://thealchemist.uk.com/venues/edinburgh-george-street/", "outdoor_seating": "no", "food": null}}, {"type": "Feature", "geometry": {"type": "Point", "coordinates": [-3.2049297, 55.9467536]}, "properties": {"id": "node/2141614112", "name": "4042", "amenity": "bar", "address": "40-42 Grindlay Street", "postcode": "EH3 9AP", "website": null, "outdoor_seating": null, "food": null}}, {"type": "Feature", "geometry": {"type": "Point", "coordinates": [-3.1977817, 55.9532211]}, "properties": {"id": "node/2153099992", "name": "elio's", "amenity": "bar", "address": "38A George Street", "postcode": "EH2 2LE", "website": null, "outdoor_seating": "no", "food": null}}, {"type": "Feature", "geometry": {"type": "Point", "coordinates": [-3.1865074, 55.9470088]}, "properties": {"id": "node/2155266405", "name": "The Captains Bar", "amenity": "pub", "address": "4 South College Street", "postcode": "EH8 9AA", "website": "https://www.captainsedinburgh.com/", "outdoor_seating": "no", "food": null}}, {"type": "Feature", "geometry": {"type": "Point", "coordinates": [-3.1994809, 55.9463737]}, "properties": {"id": "node/2156953059", "name": "Dragonfly", "amenity": "pub", "address": "52 West Port", "postcode": "EH1 2LD", "website": "https://www.dragonflycocktailbar.com/", "outdoor_seating": null, "food": null}}, {"type": "Feature", "geometry": {"type": "Point", "coordinates": [-3.3964391, 55.9902692]}, "properties": {"id": "node/2158074186", "name": "Orocco Pier", "amenity": "bar", "address": "17 High Street", "postcode": "EH30 9PP", "website": "https://www.oroccopier.co.uk/", "outdoor_seating": null, "food": null}}, {"type": "Feature", "geometry": {"type": "Point", "coordinates": [-3.1904804, 55.958713]}, "properties": {"id": "node/2164008700", "name": "Pickles", "amenity": "bar", "address": "60 Broughton Street", "postcode": "EH1 3SA", "website": "http://www.getpickled.co.uk/", "outdoor_seating": "yes", "food": null}}, {"type": "Feature", "geometry": {"type": "Point", "coordinates": [-3.2825386, 55.9429686]}, "properties": {"id": "node/2175962241", "name": "White Lady", "amenity": "pub", "address": "98 St John's Road", "postcode": "EH12 8AT", "website": "https://www.jdwetherspoon.com/pubs/the-white-lady-edinburgh/", "outdoor_seating": null, "food": null}}, {"type": "Feature", "geometry": {"type": "Point", "coordinates": [-3.2050803, 55.9455108]}, "properties": {"id": "node/2177262557", "name": "The Hanging Bat", "amenity": "bar", "address": "133,135 Lothian Road", "postcode": "EH3 9AD", "website": "https://www.thehangingbat.com/", "outdoor_seating": null, "food": null}}, {"type": "Feature", "geometry": {"type": "Point", "coordinates": [-3.2152697, 55.946311]}, "properties": {"id": "node/2188447325", "name": "The Jolly Botanist", "amenity": "pub", "address": "256-258-260 Morrison Street", "postcode": "EH3 8DT", "website": "https://thejollybotanist.co.uk/", "outdoor_seating": null, "food": null}}, {"type": "Feature", "geometry": {"type": "Point", "coordinates": [-3.2349492, 55.9371218]}, "properties": {"id": "node/2188447330", "name": "Stratfords", "amenity": "pub", "address": "227-229 Gorgie Road", "postcode": "EH11 1TU", "website": null, "outdoor_seating": null, "food": null}}, {"type": "Feature", "geometry": {"type": "Point", "coordinates": [-3.2377773, 55.9368745]}, "properties": {"id": "node/2199285638", "name": "Brass Monkey Gorgie", "amenity": "pub", "address": "316-320 Gorgie Road", "postcode": "EH11 2QZ", "website": "https://www.brassmonkeygorgie.com/", "outdoor_seating": null, "food": null}}, {"type": "Feature", "geometry": {"type": "Point", "coordinates": [-3.1815162, 55.9399617]}, "properties": {"id": "node/2218425854", "name": "The Royal Dick", "amenity": "pub", "address": "1 Summerhall", "postcode": "EH9 1PL", "website": "https://www.summerhall.co.uk/the-royal-dick/", "outdoor_seating": "yes", "food": null}}, {"type": "Feature", "geometry": {"type": "Point", "coordinates": [-3.191593, 55.9382403]}, "properties": {"id": "node/2277391529", "name": "Argyle Bar", "amenity": "pub", "address": "15-17 Argyle Place", "postcode": "EH9 1JJ", "website": null, "outdoor_seating": null, "food": null}}, {"type": "Feature", "geometry": {"type": "Point", "coordinates": [-3.1709009, 55.9704606]}, "properties": {"id": "node/2286748014", "name": "The Marksman", "amenity": "pub", "address": "13 Duke Street", "postcode": "EH6 8HG", "website": null, "outdoor_seating": null, "food": null}}, {"type": "Feature", "geometry": {"type": "Point", "coordinates": [-3.1746699, 55.9234415]}, "properties": {"id": "node/2293570305", "name": "Mayfield Commonroom", "amenity": "bar", "address": null, "postcode": null, "website": null, "outdoor_seating": null, "food": null}}, {"type": "Feature", "geometry": {"type": "Point", "coordinates": [-3.2074458, 55.9572932]}, "properties": {"id": "node/2298215004", "name": "Merienda", "amenity": "bar", "address": "30 North West Circus Place", "postcode": "EH3 6TP", "website": null, "outdoor_seating": null, "food": null}}, {"type": "Feature", "geometry": {"type": "Point", "coordinates": [-3.2074169, 55.9497597]}, "properties": {"id": "node/2305497529", "name": "The Caley Bar", "amenity": "bar", "address": "4 Lothian Road", "postcode": "EH1 2AB", "website": null, "outdoor_seating": null, "food": null}}, {"type": "Feature", "geometry": {"type": "Point", "coordinates": [-3.1699848, 55.9396572]}, "properties": {"id": "node/2317496551", "name": "Arthur's Food and Drink", "amenity": "bar", "address": "18 Holyrood Park Road", "postcode": "EH16 5AY", "website": "https://www.accom.ed.ac.uk/during-your-stay/catering/", "outdoor_seating": null, "food": null}}, {"type": "Feature", "geometry": {"type": "Point", "coordinates": [-3.1882174, 55.9486923]}, "properties": {"id": "node/2323807234", "name": "OX184", "amenity": "bar", "address": "184 Cowgate", "postcode": "EH1 1JJ", "website": "https://www.ox184.co.uk/", "outdoor_seating": null, "food": null}}, {"type": "Feature", "geometry": {"type": "Point", "coordinates": [-3.1879514, 55.9495157]}, "properties": {"id": "node/2323807241", "name": "The Advocate", "amenity": "pub", "address": "7 Blair Street", "postcode": "EH1 1QW", "website": "https://www.belhaven.co.uk/pubs/midlothian/advocate", "outdoor_seating": null, "food": null}}, {"type": "Feature", "geometry": {"type": "Point", "coordinates": [-3.180898, 55.9404684]}, "properties": {"id": "node/2324955570", "name": "The Southern", "amenity": "pub", "address": "22-26 South Clerk Street", "postcode": "EH8 9PR", "website": "https://www.thesouthern.co.uk/", "outdoor_seating": null, "food": null}}, {"type": "Feature", "geometry": {"type": "Point", "coordinates": [-3.2079185, 55.9583336]}, "properties": {"id": "node/2326437083", "name": "Smith & Gertrude Wine&Cheese", "amenity": "bar", "address": "26 Hamilton Place", "postcode": "EH3 5AU", "website": "https://www.smithandgertrude.com/", "outdoor_seating": null, "food": null}}, {"type": "Feature", "geometry": {"type": "Point", "coordinates": [-3.202915, 55.9436826]}, "properties": {"id": "node/2335634557", "name": "The Ventoux", "amenity": "pub", "address": "2-4 Brougham Street", "postcode": "EH3 9JH", "website": null, "outdoor_seating": null, "food": null}}, {"type": "Feature", "geometry": {"type": "Point", "coordinates": [-3.2049201, 55.945089]}, "properties": {"id": "node/2335634597", "name": "The Raging Bull", "amenity": "bar", "address": "161 Lothian Road", "postcode": "EH3 9AA", "website": "https://www.theragingbulledinburgh.co.uk/", "outdoor_seating": null, "food": null}}, {"type": "Feature", "geometry": {"type": "Point", "coordinates": [-3.181767, 55.9414879]}, "properties": {"id": "node/2335634621", "name": "The Grapes", "amenity": "pub", "address": "77 Clerk Street", "postcode": "EH8 9JG", "website": null, "outdoor_seating": null, "food": null}}, {"type": "Feature", "geometry": {"type": "Point", "coordinates": [-3.2018829, 55.9432724]}, "properties": {"id": "node/2338302328", "name": "Cloisters Bar", "amenity": "pub", "address": "26 Brougham Street", "postcode": "EH3 9JH", "website": "https://www.cloistersbar.com/", "outdoor_seating": null, "food": null}}, {"type": "Feature", "geometry": {"type": "Point", "coordinates": [-3.1935392, 55.948557]}, "properties": {"id": "node/2338328193", "name": "Finnegan's Wake", "amenity": "pub", "address": "9B Victoria Street", "postcode": "EH1 2HE", "website": "https://www.finnegans-wake.co.uk/", "outdoor_seating": null, "food": null}}, {"type": "Feature", "geometry": {"type": "Point", "coordinates": [-3.1916381, 55.9481371]}, "properties": {"id": "node/2338357475", "name": "George IV Bar", "amenity": "bar", "address": "54-55 George IV Bridge", "postcode": "EH1 1EJ", "website": "https://www.georgeivbar.com/", "outdoor_seating": null, "food": null}}, {"type": "Feature", "geometry": {"type": "Point", "coordinates": [-3.185289, 55.9569966]}, "properties": {"id": "node/2338469025", "name": "Little Picardy", "amenity": "bar", "address": "22 Greenside Place", "postcode": "EH1 3AA", "website": "https://www.littlepicardy.co.uk/", "outdoor_seating": null, "food": null}}, {"type": "Feature", "geometry": {"type": "Point", "coordinates": [-3.18533, 55.9562526]}, "properties": {"id": "node/2338470619", "name": "Boom Battle Bar", "amenity": "bar", "address": null, "postcode": "EH1 3AU", "website": "https://boombattlebar.com/uk/edinburgh/", "outdoor_seating": null, "food": null}}, {"type": "Feature", "geometry": {"type": "Point", "coordinates": [-3.1974869, 55.9473403]}, "properties": {"id": "node/2338717872", "name": "Black Bull", "amenity": "pub", "address": "12-18 Grassmarket", "postcode": "EH1 2JU", "website": null, "outdoor_seating": null, "food": null}}, {"type": "Feature", "geometry": {"type": "Point", "coordinates": [-3.197165, 55.947417]}, "properties": {"id": "node/2338719696", "name": "The Beehive", "amenity": "pub", "address": "18,20 Grassmarket", "postcode": "EH1 2JU", "website": null, "outdoor_seating": null, "food": null}}, {"type": "Feature", "geometry": {"type": "Point", "coordinates": [-3.1967755, 55.9475053]}, "properties": {"id": "node/2338720785", "name": "The White Hart Inn", "amenity": "pub", "address": "34 Grassmarket", "postcode": "EH1 2JU", "website": "https://www.belhaven.co.uk/pubs/midlothian/white-hart", "outdoor_seating": null, "food": null}}, {"type": "Feature", "geometry": {"type": "Point", "coordinates": [-3.1953466, 55.9478368]}, "properties": {"id": "node/2338722313", "name": "The Last Drop", "amenity": "pub", "address": "74,76,78 Grassmarket", "postcode": "EH1 2JR", "website": "https://www.nicholsonspubs.co.uk/restaurants/scotlandandnorthernireland/thelastdropgrassmarketedinburgh", "outdoor_seating": null, "food": null}}, {"type": "Feature", "geometry": {"type": "Point", "coordinates": [-3.1950739, 55.9479185]}, "properties": {"id": "node/2338722991", "name": "Maggie Dickson's", "amenity": "pub", "address": "92 Grassmarket", "postcode": "EH1 2JR", "website": null, "outdoor_seating": null, "food": null}}, {"type": "Feature", "geometry": {"type": "Point", "coordinates": [-3.1948846, 55.9479678]}, "properties": {"id": "node/2338724156", "name": "Biddy Mulligans", "amenity": "pub", "address": "94,96 Grassmarket", "postcode": "EH1 2JR", "website": "https://www.biddymulligans.co.uk/", "outdoor_seating": null, "food": null}}, {"type": "Feature", "geometry": {"type": "Point", "coordinates": [-3.1944624, 55.9492026]}, "properties": {"id": "node/2338726779", "name": "Ensign Ewart", "amenity": "pub", "address": "521-523 Lawnmarket", "postcode": "EH1 2PE", "website": null, "outdoor_seating": null, "food": null}}, {"type": "Feature", "geometry": {"type": "Point", "coordinates": [-3.1939483, 55.9495199]}, "properties": {"id": "node/2338727896", "name": "The Jolly Judge", "amenity": "pub", "address": "7 James's Court", "postcode": "EH1 2PB", "website": "https://www.jollyjudge.co.uk/", "outdoor_seating": null, "food": null}}, {"type": "Feature", "geometry": {"type": "Point", "coordinates": [-3.1915084, 55.946823]}, "properties": {"id": "node/2338734297", "name": "Greyfriars Bobby", "amenity": "pub", "address": "34 Candlemaker Row", "postcode": "EH1 2QE", "website": "https://www.nicholsonspubs.co.uk/restaurants/scotlandandnorthernireland/greyfriarsbobbysbarcandlemakerrowedinburgh", "outdoor_seating": "yes", "food": null}}, {"type": "Feature", "geometry": {"type": "Point", "coordinates": [-3.1866449, 55.9488466]}, "properties": {"id": "node/2338749883", "name": "Bannerman's Bar", "amenity": "pub", "address": "212 Cowgate", "postcode": "EH1 1NQ", "website": "https://www.bannermanslive.co.uk/", "outdoor_seating": null, "food": null}}, {"type": "Feature", "geometry": {"type": "Point", "coordinates": [-3.1860065, 55.9487847]}, "properties": {"id": "node/2338749941", "name": "Pilgrim", "amenity": "bar", "address": "3 Robertson's Close", "postcode": "EH1 1LY", "website": null, "outdoor_seating": null, "food": null}}, {"type": "Feature", "geometry": {"type": "Point", "coordinates": [-3.219036, 55.9438771]}, "properties": {"id": "node/2338949040", "name": "Dickens", "amenity": "pub", "address": "88 Dalry Road", "postcode": "EH11 2AX", "website": null, "outdoor_seating": null, "food": null}}, {"type": "Feature", "geometry": {"type": "Point", "coordinates": [-3.2234609, 55.9413923]}, "properties": {"id": "node/2338953044", "name": "Bensons Bar", "amenity": "pub", "address": "178,180,182 Dalry Road", "postcode": "EH11 2EG", "website": null, "outdoor_seating": "no", "food": null}}, {"type": "Feature", "geometry": {"type": "Point", "coordinates": [-3.1864832, 55.9485861]}, "properties": {"id": "node/2339288044", "name": "Rowantree", "amenity": "bar", "address": "8-10 Niddry Street South", "postcode": "EH1 1NS", "website": "https://unusualvenuesedinburgh.com/venues/the-rowantree-venue-Edinburgh", "outdoor_seating": null, "food": null}}, {"type": "Feature", "geometry": {"type": "Point", "coordinates": [-3.1915362, 55.9479641]}, "properties": {"id": "node/2339288054", "name": "McGonagalls", "amenity": "bar", "address": "49-50 George IV Bridge", "postcode": "EH1 1EJ", "website": "https://mcgonagallsedinburgh.com/", "outdoor_seating": null, "food": null}}, {"type": "Feature", "geometry": {"type": "Point", "coordinates": [-3.1904398, 55.9509189]}, "properties": {"id": "node/2339860706", "name": "Jake's Place", "amenity": "bar", "address": "9-13 Market Street", "postcode": "EH1 1DE", "website": "https://www.jakes-place.co.uk/", "outdoor_seating": null, "food": null}}, {"type": "Feature", "geometry": {"type": "Point", "coordinates": [-3.2144247, 55.9462614]}, "properties": {"id": "node/2341270807", "name": "Malones", "amenity": "pub", "address": "242 Morrison Street", "postcode": "EH3 8DT", "website": null, "outdoor_seating": "yes", "food": null}}, {"type": "Feature", "geometry": {"type": "Point", "coordinates": [-3.2033384, 55.942653]}, "properties": {"id": "node/2341277531", "name": "Kings Arms", "amenity": "pub", "address": "45 Home Street", "postcode": "EH3 9JP", "website": null, "outdoor_seating": null, "food": null}}, {"type": "Feature", "geometry": {"type": "Point", "coordinates": [-3.2065988, 55.9577602]}, "properties": {"id": "node/2343249681", "name": "The Last Word", "amenity": "bar", "address": "44 St Stephen Street", "postcode": "EH3 5AL", "website": "http://www.lastwordsaloon.com/", "outdoor_seating": null, "food": null}}, {"type": "Feature", "geometry": {"type": "Point", "coordinates": [-3.201079, 55.9601568]}, "properties": {"id": "node/2344919701", "name": "Clark's Bar", "amenity": "pub", "address": "142 Dundas Street", "postcode": "EH3 5DQ", "website": null, "outdoor_seating": null, "food": null}}, {"type": "Feature", "geometry": {"type": "Point", "coordinates": [-3.0696964, 55.8942742]}, "properties": {"id": "node/2363801898", "name": "The Ship Inn", "amenity": "pub", "address": "92 High Street", "postcode": "EH22 1HZ", "website": null, "outdoor_seating": null, "food": null}}, {"type": "Feature", "geometry": {"type": "Point", "coordinates": [-3.1916978, 55.9394927]}, "properties": {"id": "node/2367662947", "name": "Starter Culture", "amenity": "bar", "address": "43 Argyle Place", "postcode": "EH9 1JT", "website": null, "outdoor_seating": null, "food": null}}, {"type": "Feature", "geometry": {"type": "Point", "coordinates": [-3.1903913, 55.9586433]}, "properties": {"id": "node/2382624236", "name": "L'escargot Bleu Wine Bar", "amenity": "bar", "address": "56A Broughton Street", "postcode": null, "website": null, "outdoor_seating": "no", "food": null}}, {"type": "Feature", "geometry": {"type": "Point", "coordinates": [-3.2044479, 55.952528]}, "properties": {"id": "node/2385912323", "name": "Baruno", "amenity": "bar", "address": "113-115 George Street", "postcode": "EH2 4JN", "website": null, "outdoor_seating": "yes", "food": null}}, {"type": "Feature", "geometry": {"type": "Point", "coordinates": [-3.1808444, 55.9372983]}, "properties": {"id": "node/2395690999", "name": "Steel Coulson Southside", "amenity": "pub", "address": "114 Causewayside", "postcode": null, "website": null, "outdoor_seating": null, "food": null}}, {"type": "Feature", "geometry": {"type": "Point", "coordinates": [-3.1916471, 55.9382755]}, "properties": {"id": "node/2395932599", "name": "Cellar Monkey", "amenity": "bar", "address": "15-17 Argyle Place", "postcode": null, "website": null, "outdoor_seating": null, "food": null}}, {"type": "Feature", "geometry": {"type": "Point", "coordinates": [-3.1475185, 55.9549417]}, "properties": {"id": "node/2400279450", "name": "Porters Bar", "amenity": "pub", "address": "7-8 Piershill Place", "postcode": "EH8 7EH", "website": null, "outdoor_seating": null, "food": null}}, {"type": "Feature", "geometry": {"type": "Point", "coordinates": [-3.1404952, 55.9554516]}, "properties": {"id": "node/2400279458", "name": "The Scottie Pub", "amenity": "pub", "address": null, "postcode": null, "website": null, "outdoor_seating": null, "food": null}}, {"type": "Feature", "geometry": {"type": "Point", "coordinates": [-3.1699531, 55.9701325]}, "properties": {"id": "node/2401025497", "name": "Duke's", "amenity": "pub", "address": "31 Duke Street", "postcode": "EH6 8HH", "website": null, "outdoor_seating": "no", "food": null}}, {"type": "Feature", "geometry": {"type": "Point", "coordinates": [-3.1812802, 55.9606075]}, "properties": {"id": "node/2425708227", "name": "The Joker & The Thief", "amenity": "pub", "address": "71 Elm Row", "postcode": "EH7 4AQ", "website": null, "outdoor_seating": "seasonal", "food": null}}, {"type": "Feature", "geometry": {"type": "Point", "coordinates": [-3.1755792, 55.9657458]}, "properties": {"id": "node/2425708229", "name": "Victoria", "amenity": "pub", "address": "265 Leith Walk", "postcode": "EH6 8PD", "website": "https://www.bodabar.com/victoria/", "outdoor_seating": "yes", "food": null}}, {"type": "Feature", "geometry": {"type": "Point", "coordinates": [-3.1741393, 55.9682176]}, "properties": {"id": "node/2425708230", "name": "Leith Depot", "amenity": "pub", "address": "138-140 Leith Walk", "postcode": "EH6 5DT", "website": "https://leithdepot.com/", "outdoor_seating": "yes", "food": null}}, {"type": "Feature", "geometry": {"type": "Point", "coordinates": [-3.1774461, 55.963729]}, "properties": {"id": "node/2425708238", "name": "Robbie's", "amenity": "pub", "address": "367 Leith Walk", "postcode": null, "website": null, "outdoor_seating": "seasonal", "food": null}}, {"type": "Feature", "geometry": {"type": "Point", "coordinates": [-3.1759399, 55.9661052]}, "properties": {"id": "node/2425708239", "name": "Satyr", "amenity": "pub", "address": "260-262 Leith Walk", "postcode": "EH6 5EL", "website": null, "outdoor_seating": null, "food": null}}, {"type": "Feature", "geometry": {"type": "Point", "coordinates": [-3.1855034, 55.9492753]}, "properties": {"id": "node/2426508094", "name": "Salt Horse", "amenity": "bar", "address": "57-61 Blackfriars Street", "postcode": "EH1 1NB", "website": "https://www.salthorse.beer/", "outdoor_seating": null, "food": null}}, {"type": "Feature", "geometry": {"type": "Point", "coordinates": [-3.1618262, 55.9574175]}, "properties": {"id": "node/2441578929", "name": "The Hoppy", "amenity": "bar", "address": "23 Marionville Road", "postcode": "EH7 5UD", "website": null, "outdoor_seating": "no", "food": null}}, {"type": "Feature", "geometry": {"type": "Point", "coordinates": [-3.1838351, 55.9463053]}, "properties": {"id": "node/2443742582", "name": "Drinks & Dining", "amenity": "bar", "address": null, "postcode": null, "website": "https://www.tenhillplace.com/drinks-dining/", "outdoor_seating": null, "food": null}}, {"type": "Feature", "geometry": {"type": "Point", "coordinates": [-3.2007971, 55.9521977]}, "properties": {"id": "node/2461793332", "name": "Taco Libre Bar", "amenity": "bar", "address": "85-87 Rose Street", "postcode": "EH2 3DT", "website": null, "outdoor_seating": null, "food": null}}, {"type": "Feature", "geometry": {"type": "Point", "coordinates": [-3.0499082, 55.942617]}, "properties": {"id": "node/2474847799", "name": "Coach & Horses", "amenity": "pub", "address": "110 High Street", "postcode": "EH21 7EA", "website": null, "outdoor_seating": null, "food": null}}, {"type": "Feature", "geometry": {"type": "Point", "coordinates": [-3.0480284, 55.9428967]}, "properties": {"id": "node/2474847812", "name": "Sportsman Bar", "amenity": "pub", "address": "58 High Street", "postcode": "EH21 7BX", "website": null, "outdoor_seating": null, "food": null}}, {"type": "Feature", "geometry": {"type": "Point", "coordinates": [-3.0259005, 55.9447816]}, "properties": {"id": "node/2474847840", "name": "Levenhall Arms", "amenity": "pub", "address": "10 Ravensheugh Road", "postcode": "EH21 7PP", "website": null, "outdoor_seating": null, "food": null}}, {"type": "Feature", "geometry": {"type": "Point", "coordinates": [-3.1717416, 55.9597639]}, "properties": {"id": "node/2498181337", "name": "Middletons", "amenity": "pub", "address": "69 Easter Road", "postcode": "EH7 5PW", "website": null, "outdoor_seating": "no", "food": null}}, {"type": "Feature", "geometry": {"type": "Point", "coordinates": [-3.1710139, 55.9632264]}, "properties": {"id": "node/2498181364", "name": "Iona Bar", "amenity": "pub", "address": "203 Easter Road", "postcode": "EH6 8LF", "website": null, "outdoor_seating": "yes", "food": null}}, {"type": "Feature", "geometry": {"type": "Point", "coordinates": [-3.1702564, 55.9645111]}, "properties": {"id": "node/2498181366", "name": "Tamsons", "amenity": "pub", "address": "280 Easter Road", "postcode": null, "website": null, "outdoor_seating": "no", "food": null}}, {"type": "Feature", "geometry": {"type": "Point", "coordinates": [-3.1663036, 55.9331998]}, "properties": {"id": "node/2503000429", "name": "Grey Horse", "amenity": "pub", "address": "200 Dalkeith Road", "postcode": "EH16 5DT", "website": "https://www.greyhorse-edinburgh.co.uk/", "outdoor_seating": null, "food": null}}, {"type": "Feature", "geometry": {"type": "Point", "coordinates": [-3.1048745, 55.8744926]}, "properties": {"id": "node/2525071017", "name": "Calderwood", "amenity": "pub", "address": "24 Dundas Street", "postcode": "EH19 3AS", "website": null, "outdoor_seating": null, "food": null}}, {"type": "Feature", "geometry": {"type": "Point", "coordinates": [-3.1073455, 55.8735469]}, "properties": {"id": "node/2525071023", "name": "Royal Oak", "amenity": "pub", "address": "58 Polton Street", "postcode": "EH19 3DE", "website": null, "outdoor_seating": null, "food": null}}, {"type": "Feature", "geometry": {"type": "Point", "coordinates": [-3.3655019, 55.948257]}, "properties": {"id": "node/2533764857", "name": "All Bar One", "amenity": "bar", "address": null, "postcode": null, "website": null, "outdoor_seating": null, "food": null}}, {"type": "Feature", "geometry": {"type": "Point", "coordinates": [-3.2015323, 55.9541763]}, "properties": {"id": "node/2542270112", "name": "Lucky Liquor Co.", "amenity": "bar", "address": "39A Queen Street", "postcode": "EH2 3NH", "website": "http://www.luckyliquorco.com/", "outdoor_seating": "yes", "food": null}}, {"type": "Feature", "geometry": {"type": "Point", "coordinates": [-3.2069716, 55.9532068]}, "properties": {"id": "node/2542270625", "name": "Panda & Sons", "amenity": "bar", "address": "79 Queen Street", "postcode": "EH2 4NF", "website": "https://pandaandsons.com/", "outdoor_seating": null, "food": null}}, {"type": "Feature", "geometry": {"type": "Point", "coordinates": [-2.9588743, 55.9450195]}, "properties": {"id": "node/2544418014", "name": "The Brig Inn", "amenity": "pub", "address": "90 Bridge Street", "postcode": "EH33 1AL", "website": null, "outdoor_seating": null, "food": null}}, {"type": "Feature", "geometry": {"type": "Point", "coordinates": [-2.9542743, 55.9447536]}, "properties": {"id": "node/2544418127", "name": "Keepers Arms", "amenity": "pub", "address": "1 Bridge Street", "postcode": "EH33 1AQ", "website": null, "outdoor_seating": null, "food": null}}, {"type": "Feature", "geometry": {"type": "Point", "coordinates": [-2.9525467, 55.9439296]}, "properties": {"id": "node/2544418298", "name": "The New Plough", "amenity": "pub", "address": null, "postcode": null, "website": null, "outdoor_seating": null, "food": null}}, {"type": "Feature", "geometry": {"type": "Point", "coordinates": [-3.1916383, 55.9503002]}, "properties": {"id": "node/2555487974", "name": "Devil's Advocate", "amenity": "pub", "address": "9 Advocate's Close", "postcode": "EH1 1ND", "website": "https://devilsadvocateedinburgh.co.uk/", "outdoor_seating": null, "food": "yes"}}, {"type": "Feature", "geometry": {"type": "Point", "coordinates": [-3.1189237, 55.9582087]}, "properties": {"id": "node/2571646791", "name": "Boathouse", "amenity": "pub", "address": "3 King's Place", "postcode": "EH15 1DU", "website": null, "outdoor_seating": null, "food": null}}, {"type": "Feature", "geometry": {"type": "Point", "coordinates": [-3.1977595, 55.9458278]}, "properties": {"id": "node/2578704906", "name": "The Wee Red Bar", "amenity": "pub", "address": "74 Lauriston Place", "postcode": "EH3 9HY", "website": "http://www.weeredbar.co.uk/", "outdoor_seating": null, "food": null}}, {"type": "Feature", "geometry": {"type": "Point", "coordinates": [-3.1733748, 55.9716467]}, "properties": {"id": "node/2589353218", "name": "Wilkies", "amenity": "pub", "address": "1 Henderson Street", "postcode": null, "website": null, "outdoor_seating": "no", "food": null}}, {"type": "Feature", "geometry": {"type": "Point", "coordinates": [-3.2004645, 55.9536039]}, "properties": {"id": "node/2643307266", "name": "Kitty O’Shea’s", "amenity": "bar", "address": "43B Frederick Street", "postcode": "EH2 1EP", "website": null, "outdoor_seating": null, "food": null}}, {"type": "Feature", "geometry": {"type": "Point", "coordinates": [-3.1949977, 55.9479383]}, "properties": {"id": "node/2643336693", "name": "The Wee Pub", "amenity": "pub", "address": "94-96 Grassmarket", "postcode": "EH1 2JR", "website": "https://www.biddymulligans.co.uk/the-wee-pub/", "outdoor_seating": null, "food": null}}, {"type": "Feature", "geometry": {"type": "Point", "coordinates": [-3.2860603, 55.9156528]}, "properties": {"id": "node/2662883659", "name": "Westsider", "amenity": "pub", "address": "2 Wester Hailes Centre", "postcode": "EH14 2SW", "website": null, "outdoor_seating": null, "food": null}}, {"type": "Feature", "geometry": {"type": "Point", "coordinates": [-3.1729902, 55.9710118]}, "properties": {"id": "node/2664349953", "name": "Leith Social Club", "amenity": "pub", "address": "39 Great Junction Street", "postcode": "EH6 5HX", "website": null, "outdoor_seating": null, "food": null}}, {"type": "Feature", "geometry": {"type": "Point", "coordinates": [-3.1861131, 55.9492302]}, "properties": {"id": "node/2675696071", "name": "Bar Fifty", "amenity": "bar", "address": "50 Blackfriars Street", "postcode": "EH1 1NE", "website": null, "outdoor_seating": null, "food": null}}, {"type": "Feature", "geometry": {"type": "Point", "coordinates": [-3.2144326, 55.9464428]}, "properties": {"id": "node/2684915194", "name": "Mad Hatter", "amenity": "pub", "address": "8 Torphichen Place", "postcode": "EH3 8DU", "website": null, "outdoor_seating": "no", "food": null}}, {"type": "Feature", "geometry": {"type": "Point", "coordinates": [-3.1867176, 55.9570746]}, "properties": {"id": "node/2697752625", "name": "Fayre Play", "amenity": "bar", "address": "14 Picardy Place", "postcode": "EH1 3JT", "website": "https://thefayreplay.co.uk/edinburgh/", "outdoor_seating": "no", "food": null}}, {"type": "Feature", "geometry": {"type": "Point", "coordinates": [-3.1809949, 55.9405968]}, "properties": {"id": "node/2718835124", "name": "Zero/Zero", "amenity": "bar", "address": "18 South Clerk Street", "postcode": "EH8 9PR", "website": "https://zerozerowines.co.uk/", "outdoor_seating": null, "food": null}}, {"type": "Feature", "geometry": {"type": "Point", "coordinates": [-3.1494635, 55.8784942]}, "properties": {"id": "node/2788305197", "name": "The Forrester's Arms", "amenity": "pub", "address": "63-65 Clerk Street", "postcode": "EH20 9RE", "website": null, "outdoor_seating": null, "food": null}}, {"type": "Feature", "geometry": {"type": "Point", "coordinates": [-3.2036375, 55.9457037]}, "properties": {"id": "node/2812023487", "name": "SkyBar", "amenity": "bar", "address": null, "postcode": null, "website": "https://doubletree3.hilton.com/en/hotels/united-kingdom/doubletree-by-hilton-hotel-edinburgh-city-centre-EDICCDI/dining/index.html", "outdoor_seating": null, "food": null}}, {"type": "Feature", "geometry": {"type": "Point", "coordinates": [-3.1986857, 55.9568061]}, "properties": {"id": "node/2851851850", "name": "Good Brothers Wine Cellars", "amenity": "bar", "address": "34 Northumberland Street", "postcode": "EH3 6LS", "website": "https://www.goodbrotherswine.com", "outdoor_seating": null, "food": null}}, {"type": "Feature", "geometry": {"type": "Point", "coordinates": [-3.1887459, 55.9511467]}, "properties": {"id": "node/2858902357", "name": "Brewhemia", "amenity": "bar", "address": "1A Market Street", "postcode": "EH1 1DE", "website": "https://brewhemia.co.uk/", "outdoor_seating": null, "food": "yes"}}, {"type": "Feature", "geometry": {"type": "Point", "coordinates": [-3.2184457, 55.9460012]}, "properties": {"id": "node/2868039188", "name": "Platform 5", "amenity": "pub", "address": "8 Clifton Terrace", "postcode": "EH12 5DR", "website": "https://www.belhaven.co.uk/pubs/midlothian/platform-5", "outdoor_seating": null, "food": null}}, {"type": "Feature", "geometry": {"type": "Point", "coordinates": [-3.1858006, 55.9563435]}, "properties": {"id": "node/2888279093", "name": "Slug & Lettuce", "amenity": "bar", "address": "61 / 8 Greenside Place", "postcode": "EH1 3AA", "website": "https://www.slugandlettuce.co.uk/edinburgh-omni-centre", "outdoor_seating": null, "food": "yes"}}, {"type": "Feature", "geometry": {"type": "Point", "coordinates": [-3.1892634, 55.953088]}, "properties": {"id": "node/2888279094", "name": "The Balmoral Bar", "amenity": "bar", "address": "1 Princes Street", "postcode": "EH2 2EQ", "website": null, "outdoor_seating": null, "food": null}}, {"type": "Feature", "geometry": {"type": "Point", "coordinates": [-3.0578866, 55.9413976]}, "properties": {"id": "node/2917565792", "name": "Auld Brig Tavern", "amenity": "pub", "address": "45 Eskside West", "postcode": "EH21 6RB", "website": null, "outdoor_seating": null, "food": null}}, {"type": "Feature", "geometry": {"type": "Point", "coordinates": [-3.2079565, 55.9499073]}, "properties": {"id": "node/2922567339", "name": "Heads & Tales", "amenity": "bar", "address": "1A Rutland Place", "postcode": "EH1 2AD", "website": "https://www.headsandtalesbar.com/", "outdoor_seating": null, "food": null}}, {"type": "Feature", "geometry": {"type": "Point", "coordinates": [-3.1888797, 55.9509718]}, "properties": {"id": "node/2931382078", "name": "The Halfway House", "amenity": "pub", "address": "24 Fleshmarket Close", "postcode": "EH1 1BX", "website": "http://halfwayhouse-edinburgh.com/", "outdoor_seating": "yes", "food": null}}, {"type": "Feature", "geometry": {"type": "Point", "coordinates": [-3.1888514, 55.9509023]}, "properties": {"id": "node/2931382079", "name": "The Jinglin' Geordie", "amenity": "pub", "address": "22 Fleshmarket Close", "postcode": "EH1 1BX", "website": "http://jinglingeordie.co.uk/", "outdoor_seating": null, "food": null}}, {"type": "Feature", "geometry": {"type": "Point", "coordinates": [-3.1904103, 55.9506624]}, "properties": {"id": "node/2934543718", "name": "Ecco Vino", "amenity": "bar", "address": "19 Cockburn Street", "postcode": "EH1 1BP", "website": "https://eccovinoedinburgh.com/", "outdoor_seating": "yes", "food": null}}, {"type": "Feature", "geometry": {"type": "Point", "coordinates": [-3.2091179, 55.9275728]}, "properties": {"id": "node/2935944225", "name": "The Canny Man's", "amenity": "pub", "address": "237 Morningside Road", "postcode": "EH10 4QU", "website": "https://www.cannymans.co.uk/", "outdoor_seating": "yes", "food": "yes"}}, {"type": "Feature", "geometry": {"type": "Point", "coordinates": [-3.1839141, 55.9592518]}, "properties": {"id": "node/2949465929", "name": "Spry", "amenity": "bar", "address": "1 Haddington Place", "postcode": "EH7 4AE", "website": null, "outdoor_seating": null, "food": null}}, {"type": "Feature", "geometry": {"type": "Point", "coordinates": [-3.1872526, 55.9489093]}, "properties": {"id": "node/2952627920", "name": "Cafe Voltaire", "amenity": "bar", "address": "36-38 Blair Street", "postcode": "EH1 1QR", "website": "https://www.thecabaretvoltaire.com/", "outdoor_seating": null, "food": null}}, {"type": "Feature", "geometry": {"type": "Point", "coordinates": [-3.1872649, 55.9499346]}, "properties": {"id": "node/2954633083", "name": "Whistle Binkies", "amenity": "pub", "address": "4-6 South Bridge", "postcode": "EH1 1LL", "website": "https://www.whistlebinkies.com/", "outdoor_seating": null, "food": null}}, {"type": "Feature", "geometry": {"type": "Point", "coordinates": [-3.2788908, 55.9366157]}, "properties": {"id": "node/2956950939", "name": "The Terrace", "amenity": "pub", "address": "73 Saughton Road North", "postcode": "EH12 7JB", "website": null, "outdoor_seating": null, "food": null}}, {"type": "Feature", "geometry": {"type": "Point", "coordinates": [-3.1842655, 55.9504575]}, "properties": {"id": "node/2957210633", "name": "The Waverley", "amenity": "pub", "address": "3-5 St Mary's Street", "postcode": null, "website": null, "outdoor_seating": "yes", "food": null}}, {"type": "Feature", "geometry": {"type": "Point", "coordinates": [-3.1843266, 55.950508]}, "properties": {"id": "node/2964238033", "name": "The World's End", "amenity": "pub", "address": "2-8 High Street", "postcode": "EH1 1TB", "website": "https://www.belhaven.co.uk/pubs/midlothian/worlds-end", "outdoor_seating": "yes", "food": null}}, {"type": "Feature", "geometry": {"type": "Point", "coordinates": [-3.1870411, 55.9496224]}, "properties": {"id": "node/2966042013", "name": "The Hive", "amenity": "bar", "address": "15-17 Niddry Street", "postcode": "EH1 1LG", "website": null, "outdoor_seating": null, "food": null}}, {"type": "Feature", "geometry": {"type": "Point", "coordinates": [-3.1934659, 55.9499009]}, "properties": {"id": "node/2988091597", "name": "Whiski Rooms", "amenity": "bar", "address": "6 North Bank Street", "postcode": "EH1 2LP", "website": null, "outdoor_seating": null, "food": null}}, {"type": "Feature", "geometry": {"type": "Point", "coordinates": [-3.3389998, 55.8840064]}, "properties": {"id": "node/2992150401", "name": "The Grey Horse", "amenity": "pub", "address": "20-22 Main Street", "postcode": "EH14 7EH", "website": null, "outdoor_seating": null, "food": null}}, {"type": "Feature", "geometry": {"type": "Point", "coordinates": [-3.1852171, 55.94452]}, "properties": {"id": "node/3015271943", "name": "West Nic Records", "amenity": "pub", "address": "32B West Nicolson Street", "postcode": null, "website": "https://www.thirtytwobelow.co.uk/", "outdoor_seating": null, "food": null}}, {"type": "Feature", "geometry": {"type": "Point", "coordinates": [-3.1770091, 55.952191]}, "properties": {"id": "node/3028074576", "name": "The Parliament Arms", "amenity": "pub", "address": "67 Canongate", "postcode": "EH8 8BS", "website": null, "outdoor_seating": "yes", "food": null}}, {"type": "Feature", "geometry": {"type": "Point", "coordinates": [-3.1795837, 55.9395334]}, "properties": {"id": "node/3045729720", "name": "The Abbey", "amenity": "pub", "address": "65-67 South Clerk Street", "postcode": "EH8 9PP", "website": "https://www.abbeybar.co.uk/", "outdoor_seating": null, "food": null}}, {"type": "Feature", "geometry": {"type": "Point", "coordinates": [-3.2747142, 55.9071681]}, "properties": {"id": "node/3057803344", "name": "Tanners", "amenity": "pub", "address": "459 Lanark Road", "postcode": "EH14 5BA", "website": "https://tannersbar.co.uk/", "outdoor_seating": null, "food": null}}, {"type": "Feature", "geometry": {"type": "Point", "coordinates": [-3.1824251, 55.9507741]}, "properties": {"id": "node/3059661502", "name": "The Canons' Gait", "amenity": "pub", "address": "232 Canongate", "postcode": "EH8 8DQ", "website": "https://www.facebook.com/thecanonsgait", "outdoor_seating": null, "food": null}}, {"type": "Feature", "geometry": {"type": "Point", "coordinates": [-3.1830976, 55.9506746]}, "properties": {"id": "node/3059661503", "name": "Cask & Vine", "amenity": "bar", "address": "244 Canongate", "postcode": "EH8 8AB", "website": null, "outdoor_seating": null, "food": null}}, {"type": "Feature", "geometry": {"type": "Point", "coordinates": [-3.3924101, 55.9897891]}, "properties": {"id": "node/3113142090", "name": "Anchor Inn", "amenity": "pub", "address": null, "postcode": null, "website": null, "outdoor_seating": null, "food": null}}, {"type": "Feature", "geometry": {"type": "Point", "coordinates": [-3.3968883, 55.9904468]}, "properties": {"id": "node/3113142101", "name": "The Staghead Hotel", "amenity": "pub", "address": "8 High Street", "postcode": "EH30 9PP", "website": null, "outdoor_seating": null, "food": null}}, {"type": "Feature", "geometry": {"type": "Point", "coordinates": [-3.1762959, 55.9639122]}, "properties": {"id": "node/3114666689", "name": "The Strathmore Bar", "amenity": "pub", "address": "17 Iona Street", "postcode": "EH6 8SG", "website": null, "outdoor_seating": "yes", "food": null}}, {"type": "Feature", "geometry": {"type": "Point", "coordinates": [-3.2053157, 55.9518706]}, "properties": {"id": "node/3148972370", "name": "The Alexander Graham Bell", "amenity": "pub", "address": "126-128 George Street", "postcode": "EH2 4JZ", "website": "https://www.jdwetherspoon.com/pubs/the-alexander-graham-bell-edinburgh/", "outdoor_seating": "yes", "food": "yes"}}, {"type": "Feature", "geometry": {"type": "Point", "coordinates": [-3.1995774, 55.9529173]}, "properties": {"id": "node/3166444934", "name": "The Standing Order", "amenity": "pub", "address": "62-66 George Street", "postcode": "EH2 2LR", "website": "https://www.jdwetherspoon.com/pubs/the-standing-order-edinburgh/", "outdoor_seating": null, "food": "yes"}}, {"type": "Feature", "geometry": {"type": "Point", "coordinates": [-3.2003712, 55.9524547]}, "properties": {"id": "node/3170337812", "name": "Freddy's", "amenity": "bar", "address": "24A Frederick Street", "postcode": "EH2 2JR", "website": "https://www.freddysedin.com/", "outdoor_seating": "no", "food": null}}, {"type": "Feature", "geometry": {"type": "Point", "coordinates": [-3.1775991, 55.9746361]}, "properties": {"id": "node/3202941461", "name": "Gladstones", "amenity": "pub", "address": "1-2 Mill Lane", "postcode": "EH6 6TJ", "website": null, "outdoor_seating": null, "food": null}}, {"type": "Feature", "geometry": {"type": "Point", "coordinates": [-3.1571267, 55.9011014]}, "properties": {"id": "node/3208983736", "name": "The Waverley Inn", "amenity": "pub", "address": "8 Southhouse Broadway", "postcode": "EH17 8HG", "website": null, "outdoor_seating": null, "food": null}}, {"type": "Feature", "geometry": {"type": "Point", "coordinates": [-3.1844223, 55.9507075]}, "properties": {"id": "node/3214009984", "name": "No.1 High Street", "amenity": "pub", "address": "1 High Street", "postcode": "EH1 1SR", "website": "https://www.no1highstreetedinburgh.co.uk/", "outdoor_seating": "yes", "food": null}}, {"type": "Feature", "geometry": {"type": "Point", "coordinates": [-3.1727609, 55.9687992]}, "properties": {"id": "node/3214491856", "name": "Leith Arches", "amenity": "pub", "address": "6 Manderston Street", "postcode": null, "website": "https://www.leitharches.com/", "outdoor_seating": null, "food": null}}, {"type": "Feature", "geometry": {"type": "Point", "coordinates": [-3.172907, 55.9689354]}, "properties": {"id": "node/3214493336", "name": "Leith Arches", "amenity": "bar", "address": "99 Leith Walk", "postcode": "EH6 8NP", "website": "https://www.leitharches.com/under-the-arch", "outdoor_seating": "yes", "food": null}}, {"type": "Feature", "geometry": {"type": "Point", "coordinates": [-3.1924927, 55.9556831]}, "properties": {"id": "node/3226354857", "name": "Nightcap", "amenity": "bar", "address": "3 York Place", "postcode": "EH1 3EB", "website": "https://nightcapbar.co.uk/", "outdoor_seating": "no", "food": null}}, {"type": "Feature", "geometry": {"type": "Point", "coordinates": [-3.1777287, 55.9710674]}, "properties": {"id": "node/3228480826", "name": "Campervan Brewery Tap Room", "amenity": "pub", "address": "108 Jane Street", "postcode": "EH6 5HG", "website": "https://www.campervanbrewery.com/our-taproom", "outdoor_seating": null, "food": null}}, {"type": "Feature", "geometry": {"type": "Point", "coordinates": [-3.1800459, 55.9772029]}, "properties": {"id": "node/3236607131", "name": "The Vine Bar", "amenity": "bar", "address": "43-47 North Junction Street", "postcode": "EH6 6HS", "website": null, "outdoor_seating": null, "food": null}}, {"type": "Feature", "geometry": {"type": "Point", "coordinates": [-3.1794463, 55.9620252]}, "properties": {"id": "node/3237444088", "name": "Otherworld", "amenity": "pub", "address": "17", "postcode": null, "website": null, "outdoor_seating": "yes", "food": null}}, {"type": "Feature", "geometry": {"type": "Point", "coordinates": [-3.2156452, 55.940715]}, "properties": {"id": "node/3244717923", "name": "Common Room", "amenity": "pub", "address": null, "postcode": null, "website": null, "outdoor_seating": null, "food": null}}, {"type": "Feature", "geometry": {"type": "Point", "coordinates": [-3.3632758, 55.9487488]}, "properties": {"id": "node/3270658212", "name": "The Sir Walter Scott", "amenity": "pub", "address": null, "postcode": "EH12 9DN", "website": "https://www.jdwetherspoon.com/pubs/all-pubs/scotland/edinburgh/the-sir-walter-scott-unit-c170-after-security", "outdoor_seating": null, "food": null}}, {"type": "Feature", "geometry": {"type": "Point", "coordinates": [-3.1975703, 55.9548523]}, "properties": {"id": "node/3274255605", "name": "Bramble", "amenity": "bar", "address": "16A Queen Street", "postcode": "EH2 1JE", "website": "https://www.bramblebar.co.uk/", "outdoor_seating": null, "food": null}}, {"type": "Feature", "geometry": {"type": "Point", "coordinates": [-3.2007858, 55.9541483]}, "properties": {"id": "node/3274255606", "name": "Fingers Piano Bar", "amenity": "bar", "address": "61A Frederick Street", "postcode": "EH2 1LH", "website": null, "outdoor_seating": null, "food": "yes"}}, {"type": "Feature", "geometry": {"type": "Point", "coordinates": [-3.1846074, 55.9575674]}, "properties": {"id": "node/3292175224", "name": "Planet", "amenity": "bar", "address": "6 Baxter's Place", "postcode": "EH1 3AF", "website": null, "outdoor_seating": "no", "food": null}}, {"type": "Feature", "geometry": {"type": "Point", "coordinates": [-3.205481, 55.9466415]}, "properties": {"id": "node/3298880200", "name": "The Beverly", "amenity": "bar", "address": "81-83 Lothian Road", "postcode": "EH3 9AW", "website": null, "outdoor_seating": null, "food": null}}, {"type": "Feature", "geometry": {"type": "Point", "coordinates": [-3.2060943, 55.9482958]}, "properties": {"id": "node/3300377735", "name": "NQ64", "amenity": "bar", "address": "25 Lothian Road", "postcode": "EH1 2DJ", "website": "https://nq64.co.uk/edinburgh/", "outdoor_seating": "no", "food": null}}, {"type": "Feature", "geometry": {"type": "Point", "coordinates": [-3.2258211, 55.937689]}, "properties": {"id": "node/3341643185", "name": "The Caley Sample Room", "amenity": "pub", "address": "42-58 Angle Park Terrace", "postcode": "EH11 2JR", "website": null, "outdoor_seating": null, "food": null}}, {"type": "Feature", "geometry": {"type": "Point", "coordinates": [-3.1499771, 55.959112]}, "properties": {"id": "node/3355767875", "name": "Logan’s Rest", "amenity": "pub", "address": "79 Restalrig Road South", "postcode": "EH7 6JD", "website": null, "outdoor_seating": null, "food": null}}, {"type": "Feature", "geometry": {"type": "Point", "coordinates": [-3.2117049, 55.9443522]}, "properties": {"id": "node/3397807656", "name": "Marcos Pool Hall and Pizza Bar", "amenity": "bar", "address": "79 Grove Street", "postcode": "EH3 8FG", "website": "https://www.marcos.uk.com/", "outdoor_seating": "no", "food": null}}, {"type": "Feature", "geometry": {"type": "Point", "coordinates": [-3.1908651, 55.9532022]}, "properties": {"id": "node/3398952821", "name": "Juniper", "amenity": "bar", "address": "20 Princes Street", "postcode": "EH2 2AN", "website": "https://www.juniperedinburgh.co.uk/", "outdoor_seating": null, "food": null}}, {"type": "Feature", "geometry": {"type": "Point", "coordinates": [-3.1677089, 55.9571419]}, "properties": {"id": "node/3434615483", "name": "The Safari Lounge", "amenity": "pub", "address": "21 Cadzow Place", "postcode": "EH7 5SN", "website": "https://www.thesafarilounge.co.uk/", "outdoor_seating": "no", "food": null}}, {"type": "Feature", "geometry": {"type": "Point", "coordinates": [-3.2493765, 55.9320008]}, "properties": {"id": "node/3492896533", "name": "The Laich", "amenity": "pub", "address": "477A Gorgie Road", "postcode": "EH11 3AD", "website": null, "outdoor_seating": null, "food": null}}, {"type": "Feature", "geometry": {"type": "Point", "coordinates": [-3.2342195, 55.9681361]}, "properties": {"id": "node/3573312626", "name": "Urban Bar & Grill", "amenity": "bar", "address": null, "postcode": null, "website": null, "outdoor_seating": null, "food": null}}, {"type": "Feature", "geometry": {"type": "Point", "coordinates": [-3.2083047, 55.950412]}, "properties": {"id": "node/3649489849", "name": "Ryan's Bar", "amenity": "pub", "address": "2-4 Hope Street", "postcode": "EH2 4DB", "website": "https://www.ryansofedinburgh.co.uk/menus", "outdoor_seating": null, "food": null}}, {"type": "Feature", "geometry": {"type": "Point", "coordinates": [-3.2770984, 55.9242184]}, "properties": {"id": "node/3656460448", "name": "Silver Wing", "amenity": "pub", "address": "2 Parkhead Gardens", "postcode": "EH11 4SB", "website": null, "outdoor_seating": null, "food": null}}, {"type": "Feature", "geometry": {"type": "Point", "coordinates": [-3.1178027, 55.9551291]}, "properties": {"id": "node/3734796786", "name": "The Foresters Guild", "amenity": "pub", "address": "40 Portobello High Street", "postcode": "EH15 1DA", "website": "https://www.forestersguild.co.uk", "outdoor_seating": "yes", "food": null}}, {"type": "Feature", "geometry": {"type": "Point", "coordinates": [-3.2463516, 55.9671796]}, "properties": {"id": "node/3797104491", "name": "Ferry Boat Bar", "amenity": "pub", "address": null, "postcode": null, "website": null, "outdoor_seating": null, "food": null}}, {"type": "Feature", "geometry": {"type": "Point", "coordinates": [-3.1163392, 55.9542496]}, "properties": {"id": "node/3826391650", "name": "The Galleon", "amenity": "pub", "address": "88 Portobello High Street", "postcode": null, "website": null, "outdoor_seating": null, "food": null}}, {"type": "Feature", "geometry": {"type": "Point", "coordinates": [-3.2033575, 55.9526758]}, "properties": {"id": "node/3829574786", "name": "Copper Blossom", "amenity": "bar", "address": "107 George Street", "postcode": "EH2 3ES", "website": "https://www.copperblossom.com/", "outdoor_seating": "yes", "food": "yes"}}, {"type": "Feature", "geometry": {"type": "Point", "coordinates": [-3.1871621, 55.9486178]}, "properties": {"id": "node/3829574790", "name": "Casablanca Cocktail Club", "amenity": "bar", "address": "237 Cowgate", "postcode": null, "website": null, "outdoor_seating": null, "food": null}}, {"type": "Feature", "geometry": {"type": "Point", "coordinates": [-3.1870713, 55.948631]}, "properties": {"id": "node/3829574793", "name": "Supercube Cowgate", "amenity": "bar", "address": "237 Cowgate", "postcode": null, "website": "https://supercube.biz/", "outdoor_seating": null, "food": null}}, {"type": "Feature", "geometry": {"type": "Point", "coordinates": [-3.068817, 55.8688602]}, "properties": {"id": "node/3852071707", "name": "The Dean Tavern", "amenity": "pub", "address": "80 Main Street", "postcode": "EH22 4NA", "website": null, "outdoor_seating": "yes", "food": null}}, {"type": "Feature", "geometry": {"type": "Point", "coordinates": [-2.9510343, 55.9434455]}, "properties": {"id": "node/3961430506", "name": "Whispers", "amenity": "pub", "address": "95 High Street", "postcode": "EH33 1LW", "website": null, "outdoor_seating": null, "food": null}}, {"type": "Feature", "geometry": {"type": "Point", "coordinates": [-3.2088351, 55.949698]}, "properties": {"id": "node/3966744420", "name": "PDT bar", "amenity": "bar", "address": null, "postcode": null, "website": null, "outdoor_seating": null, "food": null}}, {"type": "Feature", "geometry": {"type": "Point", "coordinates": [-3.2007334, 55.954063]}, "properties": {"id": "node/4051569337", "name": "The Cauldron", "amenity": "bar", "address": "57A Frederick Street", "postcode": "EH2 1LH", "website": null, "outdoor_seating": null, "food": null}}, {"type": "Feature", "geometry": {"type": "Point", "coordinates": [-3.1996318, 55.9540074]}, "properties": {"id": "node/4051569338", "name": "Le Petit Raisin Wine Bar", "amenity": "bar", "address": "51 Thistle Street", "postcode": "EH2 1DY", "website": null, "outdoor_seating": null, "food": null}}, {"type": "Feature", "geometry": {"type": "Point", "coordinates": [-3.0559828, 55.9408201]}, "properties": {"id": "node/4051658924", "name": "The Riverside Tavern", "amenity": "pub", "address": "1-2 Mall Avenue", "postcode": "EH21 7BL", "website": null, "outdoor_seating": null, "food": null}}, {"type": "Feature", "geometry": {"type": "Point", "coordinates": [-3.2148247, 55.959499]}, "properties": {"id": "node/4083011627", "name": "The Raeburn", "amenity": "pub", "address": "112 Raeburn Place", "postcode": "EH4 1HG", "website": "https://www.theraeburn.com/", "outdoor_seating": "yes", "food": "yes"}}, {"type": "Feature", "geometry": {"type": "Point", "coordinates": [-3.3976442, 56.0306045]}, "properties": {"id": "node/4107688890", "name": "Burgh Arms", "amenity": "pub", "address": "16-22 High Street", "postcode": "KY11 1NN", "website": null, "outdoor_seating": null, "food": null}}, {"type": "Feature", "geometry": {"type": "Point", "coordinates": [-3.3963112, 56.0314834]}, "properties": {"id": "node/4107688909", "name": "Gallagher's Bar", "amenity": "pub", "address": "2 Heriot Street", "postcode": "KY11 1ND", "website": null, "outdoor_seating": null, "food": null}}, {"type": "Feature", "geometry": {"type": "Point", "coordinates": [-3.2036303, 55.9520528]}, "properties": {"id": "node/4114821564", "name": "Badger & Co", "amenity": "bar", "address": "32 Castle Street", "postcode": "EH2 3HT", "website": "https://www.badgerandco.com/", "outdoor_seating": "yes", "food": null}}, {"type": "Feature", "geometry": {"type": "Point", "coordinates": [-3.1882032, 55.9537538]}, "properties": {"id": "node/4155675760", "name": "Jackson the Tailor", "amenity": "bar", "address": "5-11 Leith Street", "postcode": "EH1 3AT", "website": "https://www.jacksonthetailor.co.uk/", "outdoor_seating": null, "food": null}}, {"type": "Feature", "geometry": {"type": "Point", "coordinates": [-3.1861927, 55.9513773]}, "properties": {"id": "node/4274042305", "name": "Caru by Candlelight", "amenity": "bar", "address": "East Market Street", "postcode": "EH8 8FS", "website": "https://www.carubycandlelight.co.uk/", "outdoor_seating": null, "food": null}}, {"type": "Feature", "geometry": {"type": "Point", "coordinates": [-3.1850347, 55.9514094]}, "properties": {"id": "node/4274042311", "name": "The Cocktail Geeks", "amenity": "bar", "address": "27 East Market Street", "postcode": "EH8 8FS", "website": "https://www.thecocktailgeeks.com/", "outdoor_seating": "yes", "food": null}}, {"type": "Feature", "geometry": {"type": "Point", "coordinates": [-3.190035, 55.9507358]}, "properties": {"id": "node/4286712029", "name": "Mortal Kocktail", "amenity": "bar", "address": "29 Cockburn Street", "postcode": "EH1 1BN", "website": null, "outdoor_seating": null, "food": null}}, {"type": "Feature", "geometry": {"type": "Point", "coordinates": [-3.1913939, 55.9478069]}, "properties": {"id": "node/4286858690", "name": "Dropkick Murphys", "amenity": "pub", "address": "7 Merchant Street", "postcode": "EH1 2QD", "website": null, "outdoor_seating": null, "food": null}}, {"type": "Feature", "geometry": {"type": "Point", "coordinates": [-3.0494553, 55.9429469]}, "properties": {"id": "node/4294299681", "name": "Muss Bar and Kitchen", "amenity": "bar", "address": null, "postcode": null, "website": null, "outdoor_seating": "yes", "food": null}}, {"type": "Feature", "geometry": {"type": "Point", "coordinates": [-3.0600747, 55.9440195]}, "properties": {"id": "node/4294321122", "name": "The Anchor Bar", "amenity": "pub", "address": "159 North High Street", "postcode": "EH21 6AN", "website": null, "outdoor_seating": null, "food": null}}, {"type": "Feature", "geometry": {"type": "Point", "coordinates": [-3.1885019, 55.9448576]}, "properties": {"id": "node/4385880889", "name": "Union Social", "amenity": "bar", "address": "13 Bristo Square", "postcode": "EH8 9AJ", "website": null, "outdoor_seating": null, "food": null}}, {"type": "Feature", "geometry": {"type": "Point", "coordinates": [-3.1995185, 55.9451084]}, "properties": {"id": "node/4447947966", "name": "The Tap", "amenity": "bar", "address": null, "postcode": null, "website": null, "outdoor_seating": null, "food": null}}, {"type": "Feature", "geometry": {"type": "Point", "coordinates": [-3.1405022, 55.9553255]}, "properties": {"id": "node/4528727522", "name": "Broadfields", "amenity": "bar", "address": "96 Northfield Broadway", "postcode": "EH8 7RU", "website": null, "outdoor_seating": null, "food": null}}, {"type": "Feature", "geometry": {"type": "Point", "coordinates": [-3.1985938, 55.9523912]}, "properties": {"id": "node/4543212281", "name": "Veeno", "amenity": "bar", "address": "76 Rose Street", "postcode": "EH2 2NN", "website": "https://www.theveenocompany.com/", "outdoor_seating": null, "food": null}}, {"type": "Feature", "geometry": {"type": "Point", "coordinates": [-3.1924325, 55.9535519]}, "properties": {"id": "node/4547801872", "name": "The Permit Room", "amenity": "bar", "address": "3A St Andrew Square", "postcode": "EH2 2BD", "website": "https://www.dishoom.com/permitroom/", "outdoor_seating": "no", "food": null}}, {"type": "Feature", "geometry": {"type": "Point", "coordinates": [-3.1930163, 55.9534638]}, "properties": {"id": "node/4548150782", "name": "Bread Street Kitchen & Bar", "amenity": "bar", "address": "5 St Andrew Square", "postcode": "EH2 2BD", "website": "https://www.gordonramsayrestaurants.com/bread-street-kitchen/edinburgh/", "outdoor_seating": "yes", "food": null}}, {"type": "Feature", "geometry": {"type": "Point", "coordinates": [-3.2104064, 55.9253351]}, "properties": {"id": "node/4626348290", "name": "The Waiting Room", "amenity": "pub", "address": "7-8 Belhaven Terrace", "postcode": "EH10 5HZ", "website": null, "outdoor_seating": null, "food": null}}, {"type": "Feature", "geometry": {"type": "Point", "coordinates": [-3.2157422, 55.9466037]}, "properties": {"id": "node/4633013744", "name": "The Wee Vault", "amenity": "bar", "address": "7A West Maitland Street", "postcode": "EH12 5DS", "website": "https://vaultcity.co.uk/pages/the-wee-vault-tasting-room-and-bottleshop", "outdoor_seating": null, "food": null}}, {"type": "Feature", "geometry": {"type": "Point", "coordinates": [-3.1477767, 55.877568]}, "properties": {"id": "node/4657275919", "name": "The Masons Arms", "amenity": "pub", "address": "102 Clerk Street", "postcode": "EH20 9RB", "website": null, "outdoor_seating": null, "food": null}}, {"type": "Feature", "geometry": {"type": "Point", "coordinates": [-3.1349836, 55.9054558]}, "properties": {"id": "node/4678258138", "name": "Gilmerton Miners Welfare Social Club", "amenity": "pub", "address": "4 Newtoft Street", "postcode": "EH17 8RE", "website": null, "outdoor_seating": null, "food": null}}, {"type": "Feature", "geometry": {"type": "Point", "coordinates": [-3.1875217, 55.9569176]}, "properties": {"id": "node/4691083392", "name": "Uno Mas", "amenity": "bar", "address": "4 Picardy Place", "postcode": null, "website": "https://www.unomasbar.co.uk/", "outdoor_seating": "no", "food": null}}, {"type": "Feature", "geometry": {"type": "Point", "coordinates": [-3.1814359, 55.9039135]}, "properties": {"id": "node/4693977420", "name": "Stable Bar", "amenity": "pub", "address": "50 Mortonhall Gate", "postcode": "EH16 6TJ", "website": "https://www.mortonhall.co.uk/mortonhall/the-stable-bar/", "outdoor_seating": "yes", "food": null}}, {"type": "Feature", "geometry": {"type": "Point", "coordinates": [-3.1926944, 55.9491426]}, "properties": {"id": "node/4866118321", "name": "Bar G+V Hotel", "amenity": "bar", "address": "1 George IV Bridge", "postcode": "EH1 1AD", "website": null, "outdoor_seating": null, "food": null}}, {"type": "Feature", "geometry": {"type": "Point", "coordinates": [-3.3120748, 55.9399789]}, "properties": {"id": "node/4934212670", "name": "The Brewbar Lounge", "amenity": "bar", "address": null, "postcode": null, "website": null, "outdoor_seating": null, "food": null}}, {"type": "Feature", "geometry": {"type": "Point", "coordinates": [-3.1946594, 55.9436742]}, "properties": {"id": "node/5011741135", "name": "Puffin’ Rooms", "amenity": "bar", "address": "11 Lister Square", "postcode": "EH3 9GL", "website": "https://www.puffinrooms.co.uk", "outdoor_seating": null, "food": null}}, {"type": "Feature", "geometry": {"type": "Point", "coordinates": [-3.2032992, 55.9410687]}, "properties": {"id": "node/5324418912", "name": "A Wee Taste", "amenity": "bar", "address": "36 Leven Street", "postcode": "EH3 9LJ", "website": null, "outdoor_seating": "no", "food": null}}, {"type": "Feature", "geometry": {"type": "Point", "coordinates": [-3.200849, 55.9597248]}, "properties": {"id": "node/5842406751", "name": "One 20", "amenity": "bar", "address": "120 Dundas Street", "postcode": null, "website": null, "outdoor_seating": "yes", "food": null}}, {"type": "Feature", "geometry": {"type": "Point", "coordinates": [-3.1868164, 55.9481425]}, "properties": {"id": "node/5869015353", "name": "Biblos", "amenity": "bar", "address": "1A Chambers Street", "postcode": "EH1 1HR", "website": null, "outdoor_seating": null, "food": null}}, {"type": "Feature", "geometry": {"type": "Point", "coordinates": [-3.1869531, 55.9481208]}, "properties": {"id": "node/5869015354", "name": "The Jazz Bar", "amenity": "bar", "address": "1A Chambers Street", "postcode": "EH1 1HR", "website": "https://www.thejazzbar.co.uk/", "outdoor_seating": null, "food": null}}, {"type": "Feature", "geometry": {"type": "Point", "coordinates": [-3.1781795, 55.9434608]}, "properties": {"id": "node/5972034007", "name": "Tipsy Midgie", "amenity": "pub", "address": "67 St Leonard's Hill", "postcode": "EH8 9SB", "website": null, "outdoor_seating": null, "food": null}}, {"type": "Feature", "geometry": {"type": "Point", "coordinates": [-3.0579836, 55.9435826]}, "properties": {"id": "node/6088894700", "name": "The David Macbeth Moir", "amenity": "pub", "address": "30 Bridge Street", "postcode": "EH21 6AG", "website": "https://www.jdwetherspoon.com/pubs/all-pubs/scotland/east-lothian/the-david-macbeth-moir-musselburgh", "outdoor_seating": null, "food": null}}, {"type": "Feature", "geometry": {"type": "Point", "coordinates": [-3.2079086, 55.9502992]}, "properties": {"id": "node/6203189778", "name": "Cask 88", "amenity": "bar", "address": null, "postcode": null, "website": null, "outdoor_seating": "no", "food": null}}, {"type": "Feature", "geometry": {"type": "Point", "coordinates": [-3.3617104, 55.9489667]}, "properties": {"id": "node/6362465886", "name": "Icons Sports Bar", "amenity": "pub", "address": null, "postcode": "EH12 9DN", "website": null, "outdoor_seating": null, "food": null}}, {"type": "Feature", "geometry": {"type": "Point", "coordinates": [-3.1814533, 55.9386457]}, "properties": {"id": "node/6432434433", "name": "Meadows Tap", "amenity": "bar", "address": "27 Causewayside", "postcode": "EH9 1QF", "website": null, "outdoor_seating": null, "food": null}}, {"type": "Feature", "geometry": {"type": "Point", "coordinates": [-3.3917981, 55.9836188]}, "properties": {"id": "node/6450407357", "name": "Bridges Pool Hall", "amenity": "pub", "address": null, "postcode": null, "website": null, "outdoor_seating": null, "food": null}}, {"type": "Feature", "geometry": {"type": "Point", "coordinates": [-3.3919564, 55.9834882]}, "properties": {"id": "node/6450407362", "name": "Queens Retreat", "amenity": "pub", "address": "6 Scotstoun Grove", "postcode": "EH30 9PH", "website": null, "outdoor_seating": null, "food": null}}, {"type": "Feature", "geometry": {"type": "Point", "coordinates": [-3.1643134, 55.9557873]}, "properties": {"id": "node/6816972744", "name": "Bellfield Taproom", "amenity": "pub", "address": "46 Stanley Place", "postcode": "EH7 5TB", "website": null, "outdoor_seating": null, "food": null}}, {"type": "Feature", "geometry": {"type": "Point", "coordinates": [-3.3846798, 55.9903967]}, "properties": {"id": "node/6853576802", "name": "Hawes Inn", "amenity": "pub", "address": "7 Newhalls Road", "postcode": "EH30 9TA", "website": "https://www.vintageinn.co.uk/restaurants/scotland-northern-ireland/thehawesinnsouthqueensferry", "outdoor_seating": null, "food": null}}, {"type": "Feature", "geometry": {"type": "Point", "coordinates": [-3.1943283, 55.9549161]}, "properties": {"id": "node/7057085569", "name": "Mal Bar", "amenity": "bar", "address": null, "postcode": null, "website": null, "outdoor_seating": null, "food": null}}, {"type": "Feature", "geometry": {"type": "Point", "coordinates": [-3.1873501, 55.9485119]}, "properties": {"id": "node/7232579028", "name": "House of Gods", "amenity": "bar", "address": "233 Cowgate", "postcode": null, "website": null, "outdoor_seating": null, "food": null}}, {"type": "Feature", "geometry": {"type": "Point", "coordinates": [-3.2864986, 55.9225991]}, "properties": {"id": "node/8867663200", "name": "Artful Dodger", "amenity": "pub", "address": "485 Calder Road", "postcode": "EH11 4AW", "website": null, "outdoor_seating": null, "food": null}}, {"type": "Feature", "geometry": {"type": "Point", "coordinates": [-3.132256, 55.9051883]}, "properties": {"id": "node/8960453317", "name": "Mechanic Arms", "amenity": "pub", "address": "36 Drum Street", "postcode": "EH17 8QH", "website": null, "outdoor_seating": null, "food": null}}, {"type": "Feature", "geometry": {"type": "Point", "coordinates": [-3.3385335, 55.8838988]}, "properties": {"id": "node/9079501853", "name": "The Balerno Inn", "amenity": "pub", "address": "15 Main Street", "postcode": "EH14 7EQ", "website": "https://www.balernoinn.co.uk/", "outdoor_seating": null, "food": null}}, {"type": "Feature", "geometry": {"type": "Point", "coordinates": [-3.2797269, 55.9423394]}, "properties": {"id": "node/9191119048", "name": "Little Rascal", "amenity": "bar", "address": "113D St John's Road", "postcode": "EH12 7SB", "website": "https://littlerascalwine.co.uk/", "outdoor_seating": "no", "food": null}}, {"type": "Feature", "geometry": {"type": "Point", "coordinates": [-3.1828272, 55.95143]}, "properties": {"id": "node/9356174191", "name": "Brewdog Doghouse Bar & Terrace", "amenity": "pub", "address": null, "postcode": null, "website": "https://drink.brewdog.com/uk/edinburgh-doghouse", "outdoor_seating": "yes", "food": null}}, {"type": "Feature", "geometry": {"type": "Point", "coordinates": [-3.4050782, 55.9843478]}, "properties": {"id": "node/9395230140", "name": "Queens Crossing Brewers Fayre", "amenity": "pub", "address": "Builyeon Road", "postcode": "EH30 9YJ", "website": "https://www.brewersfayre.co.uk/en-gb/locations/edinburgh/queens-crossing", "outdoor_seating": null, "food": null}}, {"type": "Feature", "geometry": {"type": "Point", "coordinates": [-3.1684115, 55.9773321]}, "properties": {"id": "node/9796474417", "name": "Moonwake Beer Co.", "amenity": "bar", "address": "6A Tower Street", "postcode": null, "website": "https://moonwakebeer.com/", "outdoor_seating": null, "food": null}}, {"type": "Feature", "geometry": {"type": "Point", "coordinates": [-3.1678519, 55.9734431]}, "properties": {"id": "node/9848330817", "name": "Brass Monkey", "amenity": "bar", "address": "44 Queen Charlotte Street", "postcode": "EH6 7EX", "website": null, "outdoor_seating": null, "food": null}}, {"type": "Feature", "geometry": {"type": "Point", "coordinates": [-3.2311603, 55.9386945]}, "properties": {"id": "node/10000355055", "name": "Eighteen 74 Bar", "amenity": "pub", "address": null, "postcode": null, "website": null, "outdoor_seating": null, "food": null}}, {"type": "Feature", "geometry": {"type": "Point", "coordinates": [-3.361752, 55.9488033]}, "properties": {"id": "node/10233397481", "name": "All Bar One 2", "amenity": "pub", "address": null, "postcode": null, "website": null, "outdoor_seating": null, "food": null}}, {"type": "Feature", "geometry": {"type": "Point", "coordinates": [-3.3628846, 55.9492029]}, "properties": {"id": "node/10233397493", "name": "BrewDog", "amenity": "pub", "address": null, "postcode": "EH12 9DN", "website": null, "outdoor_seating": null, "food": null}}, {"type": "Feature", "geometry": {"type": "Point", "coordinates": [-3.3642975, 55.9485525]}, "properties": {"id": "node/10233397496", "name": "Fever-Tree Bar", "amenity": "bar", "address": null, "postcode": "EH12 9DN", "website": null, "outdoor_seating": null, "food": null}}, {"type": "Feature", "geometry": {"type": "Point", "coordinates": [-3.3647561, 55.9482574]}, "properties": {"id": "node/10233397507", "name": "giraffe", "amenity": "bar", "address": null, "postcode": null, "website": null, "outdoor_seating": null, "food": null}}, {"type": "Feature", "geometry": {"type": "Point", "coordinates": [-3.1930841, 55.9480478]}, "properties": {"id": "node/10660871875", "name": "Eve", "amenity": "bar", "address": "18.20 Cowgate", "postcode": "EH1 1JX", "website": "https://virginhotels.com/edinburgh/dine-and-drink/eve/", "outdoor_seating": null, "food": null}}, {"type": "Feature", "geometry": {"type": "Point", "coordinates": [-3.1728662, 55.9574097]}, "properties": {"id": "node/10853538417", "name": "Herringbone", "amenity": "bar", "address": "3", "postcode": "EH7 5DX", "website": "https://www.herringbone-abbeyhill.co.uk/", "outdoor_seating": null, "food": null}}, {"type": "Feature", "geometry": {"type": "Point", "coordinates": [-3.1814174, 55.9511886]}, "properties": {"id": "node/10860672669", "name": "MacKays on the Mile", "amenity": "pub", "address": "223 Canongate", "postcode": "EH8 8BJ", "website": "https://mackaysonthemile.com/", "outdoor_seating": "yes", "food": null}}, {"type": "Feature", "geometry": {"type": "Point", "coordinates": [-3.0738222, 55.9320741]}, "properties": {"id": "node/10931998015", "name": "Maggie’s", "amenity": "bar", "address": null, "postcode": null, "website": null, "outdoor_seating": null, "food": null}}, {"type": "Feature", "geometry": {"type": "Point", "coordinates": [-3.1881394, 55.9557185]}, "properties": {"id": "node/11134707889", "name": "The Botanist", "amenity": "bar", "address": "Little King Street", "postcode": "EH1 3AR", "website": "https://thebotanist.uk.com/locations/edinburgh", "outdoor_seating": "yes", "food": null}}, {"type": "Feature", "geometry": {"type": "Point", "coordinates": [-3.1876694, 55.9572622]}, "properties": {"id": "node/11555359615", "name": "Keller", "amenity": "pub", "address": "23-27 Broughton Street Lane", "postcode": null, "website": "https://www.kellertaproom.com/", "outdoor_seating": null, "food": null}}, {"type": "Feature", "geometry": {"type": "Point", "coordinates": [-3.188049, 55.9542424]}, "properties": {"id": "node/11584175322", "name": "Flight Club", "amenity": "bar", "address": "300-304 St James Crescent", "postcode": "EH1 3AE", "website": null, "outdoor_seating": null, "food": "yes"}}, {"type": "Feature", "geometry": {"type": "Point", "coordinates": [-3.1743867, 55.9692344]}, "properties": {"id": "node/11593985024", "name": "Newbarns Taproom", "amenity": "pub", "address": null, "postcode": null, "website": "https://newbarnsbrewery.com/", "outdoor_seating": null, "food": null}}, {"type": "Feature", "geometry": {"type": "Point", "coordinates": [-3.1755816, 55.98276]}, "properties": {"id": "node/11796273777", "name": "Port of Leith Distillery Bar", "amenity": "bar", "address": "11 Whisky Quay", "postcode": "EH6 6FH", "website": "https://www.leithdistillery.com/the-distillery-bar", "outdoor_seating": null, "food": null}}, {"type": "Feature", "geometry": {"type": "Point", "coordinates": [-3.2101334, 55.9589498]}, "properties": {"id": "node/11871138052", "name": "The Brief Encounter Speakeasy", "amenity": "bar", "address": null, "postcode": null, "website": null, "outdoor_seating": null, "food": null}}, {"type": "Feature", "geometry": {"type": "Point", "coordinates": [-3.1875081, 55.9547026]}, "properties": {"id": "node/12063648632", "name": "Skyline Sips", "amenity": "bar", "address": null, "postcode": null, "website": null, "outdoor_seating": null, "food": null}}, {"type": "Feature", "geometry": {"type": "Point", "coordinates": [-3.1697592, 55.9766094]}, "properties": {"id": "node/12091804960", "name": "Castle View Bar", "amenity": "bar", "address": null, "postcode": null, "website": null, "outdoor_seating": null, "food": null}}, {"type": "Feature", "geometry": {"type": "Point", "coordinates": [-3.1959643, 55.9528674]}, "properties": {"id": "node/12304275595", "name": "Manahatta", "amenity": "bar", "address": "28 Rose Street", "postcode": "EH2 2QA", "website": null, "outdoor_seating": "yes", "food": "yes"}}, {"type": "Feature", "geometry": {"type": "Point", "coordinates": [-3.2083309, 55.9505037]}, "properties": {"id": "node/12357832050", "name": "Encore Edinburgh", "amenity": "bar", "address": "2-4 Hope Street", "postcode": "EH2 4DB", "website": "https://www.encoreedinburgh.com/", "outdoor_seating": null, "food": null}}, {"type": "Feature", "geometry": {"type": "Point", "coordinates": [-3.1714944, 55.9385401]}, "properties": {"id": "node/12570613842", "name": "The Lounge Bar at the Scholar", "amenity": "bar", "address": "18 Holyrood Park Road", "postcode": "EH16 5AY", "website": "https://www.uoecollection.com/hotels/the-scholar/the-brasserie-bar/", "outdoor_seating": null, "food": null}}, {"type": "Feature", "geometry": {"type": "Point", "coordinates": [-3.1897289, 55.9509812]}, "properties": {"id": "node/12699215396", "name": "Nor' Loft", "amenity": "bar", "address": "6 Market Street", "postcode": null, "website": null, "outdoor_seating": null, "food": null}}, {"type": "Feature", "geometry": {"type": "Point", "coordinates": [-3.1713085, 55.9380426]}, "properties": {"id": "node/12845233556", "name": "The Velvet Lounge", "amenity": "bar", "address": "18 Holyrood Park Road", "postcode": "EH16 5AY", "website": "https://www.uoecollection.com/hotels/the-scott/bonnars-the-velvet-lounge/", "outdoor_seating": null, "food": null}}, {"type": "Feature", "geometry": {"type": "Point", "coordinates": [-3.1972021, 55.9539826]}, "properties": {"id": "node/12887797601", "name": "Vessel", "amenity": "pub", "address": "73 Hanover Street", "postcode": "EH2 1EE", "website": "https://vesselbars.co.uk/", "outdoor_seating": null, "food": null}}, {"type": "Feature", "geometry": {"type": "Point", "coordinates": [-3.213962, 55.947409]}, "properties": {"id": "node/12945461280", "name": "The Wee Vault Taproom", "amenity": "pub", "address": "7A West Maitland Street", "postcode": "EH12 5DS", "website": "https://vaultcity.co.uk/pages/the-wee-vault-tasting-room-and-bottleshop", "outdoor_seating": null, "food": null}}, {"type": "Feature", "geometry": {"type": "Point", "coordinates": [-2.9641722, 55.9708256]}, "properties": {"id": "node/12997655066", "name": "Royal British Legion Cockenzie & Port Seton", "amenity": "pub", "address": "Marshall Street", "postcode": "EH32 0HT", "website": null, "outdoor_seating": null, "food": null}}, {"type": "Feature", "geometry": {"type": "Point", "coordinates": [-3.1745775, 55.9583357]}, "properties": {"id": "node/13300562865", "name": "Hillside Bowling Club", "amenity": "bar", "address": "9 Brunton Place", "postcode": "EH7 5EG", "website": null, "outdoor_seating": null, "food": null}}, {"type": "Feature", "geometry": {"type": "Point", "coordinates": [-3.0709, 55.8926372]}, "properties": {"id": "node/13456953909", "name": "Corner Pocket", "amenity": "bar", "address": "24 - 26 Buccleuch Street", "postcode": "EH22 1HA", "website": null, "outdoor_seating": null, "food": null}}, {"type": "Feature", "geometry": {"type": "Point", "coordinates": [-3.2107375, 55.9426678]}, "properties": {"id": "node/13537876197", "name": "Lochrin Rooftop Bar", "amenity": "bar", "address": "2 Freer Gait", "postcode": "EH3 9FR", "website": "https://www.lochrinrooftop.co.uk", "outdoor_seating": null, "food": null}}, {"type": "Feature", "geometry": {"type": "Point", "coordinates": [-3.1853052, 55.9577856]}, "properties": {"id": "node/13688607537", "name": "Mamma Roma Whisky & Wine Room", "amenity": "bar", "address": "4", "postcode": null, "website": null, "outdoor_seating": null, "food": null}}, {"type": "Feature", "geometry": {"type": "Point", "coordinates": [-3.1142846, 55.9527065]}, "properties": {"id": "node/13777824050", "name": "Dougal's", "amenity": "pub", "address": "163 Portobello High Street", "postcode": null, "website": null, "outdoor_seating": null, "food": null}}, {"type": "Feature", "geometry": {"type": "Point", "coordinates": [-3.318068, 55.911126]}, "properties": {"id": "way/22890286", "name": "Heriot Watt Student Union", "amenity": "pub", "address": null, "postcode": "EH14 4AR", "website": "https://www.hwunion.com/", "outdoor_seating": null, "food": null}}, {"type": "Feature", "geometry": {"type": "Point", "coordinates": [-3.1739314, 55.9382408]}, "properties": {"id": "way/29049402", "name": "The Salisbury Arms", "amenity": "pub", "address": "58 Dalkeith Road", "postcode": "EH16 5AD", "website": null, "outdoor_seating": "yes", "food": null}}, {"type": "Feature", "geometry": {"type": "Point", "coordinates": [-3.0945189, 55.9349093]}, "properties": {"id": "way/29241969", "name": "Cuddie Brae", "amenity": "pub", "address": "91 Newcraighall Road", "postcode": "EH21 8RX", "website": "https://www.greeneking-pubs.co.uk/pubs/edinburgh/cuddie-brae/", "outdoor_seating": null, "food": null}}, {"type": "Feature", "geometry": {"type": "Point", "coordinates": [-3.3789669, 55.9232038]}, "properties": {"id": "way/32101858", "name": "The Bridge Inn", "amenity": "pub", "address": "27 Baird Road", "postcode": "EH28 8RA", "website": "https://www.bridgeinn.com/", "outdoor_seating": "yes", "food": "yes"}}, {"type": "Feature", "geometry": {"type": "Point", "coordinates": [-3.204183, 55.9800493]}, "properties": {"id": "way/60684490", "name": "Old Chain Pier", "amenity": "pub", "address": "32 Trinity Crescent", "postcode": "EH5 3ED", "website": "https://www.oldchainpier.com/", "outdoor_seating": "yes", "food": null}}, {"type": "Feature", "geometry": {"type": "Point", "coordinates": [-3.0964373, 55.8950647]}, "properties": {"id": "way/61111398", "name": "Melville Inn", "amenity": "pub", "address": null, "postcode": "EH18 1AR", "website": "https://www.vintageinn.co.uk/restaurants/scotland-northern-ireland/themelvilleinnlasswade", "outdoor_seating": null, "food": null}}, {"type": "Feature", "geometry": {"type": "Point", "coordinates": [-3.180171, 55.9514869]}, "properties": {"id": "way/70955003", "name": "Tolbooth Tavern", "amenity": "pub", "address": "167 Canongate", "postcode": "EH8 8BN", "website": "https://www.tolboothtavern.co.uk/", "outdoor_seating": null, "food": "yes"}}, {"type": "Feature", "geometry": {"type": "Point", "coordinates": [-3.3000087, 55.9796859]}, "properties": {"id": "way/130113205", "name": "Cramond Inn", "amenity": "pub", "address": "30 Cramond Glebe Road", "postcode": "EH4 6NU", "website": null, "outdoor_seating": null, "food": null}}, {"type": "Feature", "geometry": {"type": "Point", "coordinates": [-3.0931514, 55.8680066]}, "properties": {"id": "way/130427011", "name": "The Retreat", "amenity": "pub", "address": null, "postcode": null, "website": null, "outdoor_seating": null, "food": null}}, {"type": "Feature", "geometry": {"type": "Point", "coordinates": [-3.2816282, 55.9422778]}, "properties": {"id": "way/178240044", "name": "Winstons", "amenity": "pub", "address": "20 Kirk Loan", "postcode": "EH12 7HD", "website": null, "outdoor_seating": null, "food": null}}, {"type": "Feature", "geometry": {"type": "Point", "coordinates": [-3.2036831, 55.9398819]}, "properties": {"id": "way/184267420", "name": "The Golf Tavern", "amenity": "pub", "address": "30-31 Wright's Houses", "postcode": "EH10 4HR", "website": "https://golftavern.co.uk/", "outdoor_seating": "yes", "food": null}}, {"type": "Feature", "geometry": {"type": "Point", "coordinates": [-3.0801285, 55.8882331]}, "properties": {"id": "way/201679456", "name": "Justinlees Inn", "amenity": "pub", "address": "1-5 Dalhousie Road", "postcode": "EH22 3AT", "website": "https://www.emberinns.co.uk/nationalsearch/scotlandandnorthernireland/the-justinlees-dalkeith", "outdoor_seating": null, "food": null}}, {"type": "Feature", "geometry": {"type": "Point", "coordinates": [-3.2080337, 55.9269475]}, "properties": {"id": "way/209598974", "name": "The Ball Room", "amenity": "pub", "address": "3 Jordan Lane", "postcode": "EH10 4RB", "website": null, "outdoor_seating": null, "food": null}}, {"type": "Feature", "geometry": {"type": "Point", "coordinates": [-3.2011316, 55.8904961]}, "properties": {"id": "way/216735908", "name": "The Steading", "amenity": "pub", "address": "118-120 Biggar Road", "postcode": "EH10 7DU", "website": null, "outdoor_seating": null, "food": null}}, {"type": "Feature", "geometry": {"type": "Point", "coordinates": [-3.2830364, 55.9430597]}, "properties": {"id": "way/217340299", "name": "The Torfin", "amenity": "pub", "address": "108,110 St John's Road", "postcode": "EH12 8AX", "website": "https://www.thetorfin.com/", "outdoor_seating": null, "food": "yes"}}, {"type": "Feature", "geometry": {"type": "Point", "coordinates": [-3.2884923, 55.9429203]}, "properties": {"id": "way/217464374", "name": "The Tarbet", "amenity": "pub", "address": "243 St John's Road", "postcode": "EH12 7XD", "website": null, "outdoor_seating": null, "food": null}}, {"type": "Feature", "geometry": {"type": "Point", "coordinates": [-3.149231, 55.9151167]}, "properties": {"id": "way/218222285", "name": "Robins Nest", "amenity": "pub", "address": "393 Gilmerton Road", "postcode": "EH17 7PX", "website": "https://www.sizzlingpubs.co.uk/findapub/yorkshireandthehumber/therobinsnestedinburgh#", "outdoor_seating": null, "food": null}}, {"type": "Feature", "geometry": {"type": "Point", "coordinates": [-3.2173535, 55.9458162]}, "properties": {"id": "way/224262073", "name": "Ryries", "amenity": "pub", "address": "1 Haymarket", "postcode": "EH12 5EY", "website": null, "outdoor_seating": null, "food": null}}, {"type": "Feature", "geometry": {"type": "Point", "coordinates": [-3.2885003, 55.9023426]}, "properties": {"id": "way/225342711", "name": "Kinleith Mill", "amenity": "pub", "address": "604 Lanark Road", "postcode": "EH14 5EN", "website": null, "outdoor_seating": null, "food": null}}, {"type": "Feature", "geometry": {"type": "Point", "coordinates": [-3.0694153, 55.8924112]}, "properties": {"id": "way/227728863", "name": "The Black Bull", "amenity": "pub", "address": "3 Lothian Street", "postcode": "EH22 1DS", "website": null, "outdoor_seating": null, "food": null}}, {"type": "Feature", "geometry": {"type": "Point", "coordinates": [-3.0725916, 55.8931333]}, "properties": {"id": "way/227728864", "name": "Harrow Hotel", "amenity": "pub", "address": "2-4 Eskbank Road", "postcode": "EH22 1HF", "website": null, "outdoor_seating": null, "food": null}}, {"type": "Feature", "geometry": {"type": "Point", "coordinates": [-3.0679901, 55.8952548]}, "properties": {"id": "way/227728869", "name": "Coach & Horses", "amenity": "pub", "address": "166-168 High Street", "postcode": "EH22 1AY", "website": null, "outdoor_seating": null, "food": null}}, {"type": "Feature", "geometry": {"type": "Point", "coordinates": [-3.2552372, 55.9249862]}, "properties": {"id": "way/231067781", "name": "Village Inn", "amenity": "pub", "address": "30 Inglis Green Road", "postcode": "EH14 2ER", "website": null, "outdoor_seating": null, "food": null}}, {"type": "Feature", "geometry": {"type": "Point", "coordinates": [-3.264677, 55.9197564]}, "properties": {"id": "way/231067784", "name": "The Kingsknowe", "amenity": "pub", "address": "193-195 Kingsknowe Road North", "postcode": "EH14 2ED", "website": null, "outdoor_seating": null, "food": null}}, {"type": "Feature", "geometry": {"type": "Point", "coordinates": [-3.2853817, 55.9550548]}, "properties": {"id": "way/244904022", "name": "The Clermiston", "amenity": "pub", "address": "9 Rannoch Road", "postcode": "EH4 7EG", "website": null, "outdoor_seating": "yes", "food": null}}, {"type": "Feature", "geometry": {"type": "Point", "coordinates": [-3.0685651, 55.8935886]}, "properties": {"id": "way/245557742", "name": "Horseshoe", "amenity": "pub", "address": "14 St Andrew Street", "postcode": "EH22 1AN", "website": null, "outdoor_seating": null, "food": null}}, {"type": "Feature", "geometry": {"type": "Point", "coordinates": [-3.30951, 55.8964661]}, "properties": {"id": "way/255038072", "name": "The Riccarton Inn", "amenity": "pub", "address": "198 Lanark Road West", "postcode": "EH14 5NX", "website": "https://www.riccartoninn.co.uk/", "outdoor_seating": null, "food": "yes"}}, {"type": "Feature", "geometry": {"type": "Point", "coordinates": [-3.0349369, 55.9256274]}, "properties": {"id": "way/255286930", "name": "Brewers Fayre Craig House", "amenity": "pub", "address": "Carberry Road", "postcode": "EH21 8PT", "website": null, "outdoor_seating": null, "food": null}}, {"type": "Feature", "geometry": {"type": "Point", "coordinates": [-3.1636523, 55.8576659]}, "properties": {"id": "way/274083704", "name": "The Royal British Legion Scotland", "amenity": "pub", "address": "4 Wallace Crescent", "postcode": "EH25 9LN", "website": null, "outdoor_seating": null, "food": null}}, {"type": "Feature", "geometry": {"type": "Point", "coordinates": [-3.18962, 55.9573049]}, "properties": {"id": "way/279616594", "name": "Blackwood Bar", "amenity": "bar", "address": "49 Albany Street", "postcode": "EH1 3QY", "website": null, "outdoor_seating": null, "food": null}}, {"type": "Feature", "geometry": {"type": "Point", "coordinates": [-3.1142569, 55.9172026]}, "properties": {"id": "way/282880340", "name": "Edmonstone Inn", "amenity": "pub", "address": "111 Edmonstone Road", "postcode": "EH22 1QX", "website": null, "outdoor_seating": null, "food": null}}, {"type": "Feature", "geometry": {"type": "Point", "coordinates": [-3.1693727, 55.9575071]}, "properties": {"id": "way/292315600", "name": "The Artisan", "amenity": "pub", "address": "35-36 London Road", "postcode": "EH7 5BQ", "website": "https://www.theartisanbar.co.uk/", "outdoor_seating": "yes", "food": null}}, {"type": "Feature", "geometry": {"type": "Point", "coordinates": [-3.1826687, 55.9493642]}, "properties": {"id": "way/301536493", "name": "The Holyrood 9A", "amenity": "pub", "address": "9A Holyrood Road", "postcode": "EH8 8AE", "website": "http://www.theholyrood.co.uk/", "outdoor_seating": null, "food": null}}, {"type": "Feature", "geometry": {"type": "Point", "coordinates": [-3.3030945, 55.9520555]}, "properties": {"id": "way/351137530", "name": "Mid Yoken Pub", "amenity": "pub", "address": null, "postcode": null, "website": null, "outdoor_seating": null, "food": null}}, {"type": "Feature", "geometry": {"type": "Point", "coordinates": [-3.2021423, 55.9798506]}, "properties": {"id": "way/351447760", "name": "The Starbank Inn", "amenity": "pub", "address": "60-64 Laverockbank Road", "postcode": "EH5 3BZ", "website": "https://www.belhaven.co.uk/pubs/midlothian/starbank-inn", "outdoor_seating": "yes", "food": "yes"}}, {"type": "Feature", "geometry": {"type": "Point", "coordinates": [-3.3049048, 55.8969155]}, "properties": {"id": "way/366928073", "name": "The Woodhall Arms", "amenity": "pub", "address": "135-137 Lanark Road West", "postcode": "EH14 5NZ", "website": null, "outdoor_seating": null, "food": null}}, {"type": "Feature", "geometry": {"type": "Point", "coordinates": [-3.1111937, 55.9518541]}, "properties": {"id": "way/367465811", "name": "The Rusty Seagull", "amenity": "bar", "address": "243 Portobello High Street", "postcode": "EH15 2AW", "website": "https://vaultcity.co.uk/pages/taprooms", "outdoor_seating": null, "food": null}}, {"type": "Feature", "geometry": {"type": "Point", "coordinates": [-3.1913877, 55.9517667]}, "properties": {"id": "way/377738789", "name": "Booking Office", "amenity": "pub", "address": "17 Waverley Bridge", "postcode": "EH1 1BQ", "website": "https://www.jdwetherspoon.com/pubs/the-booking-office-edinburgh/", "outdoor_seating": "yes", "food": null}}, {"type": "Feature", "geometry": {"type": "Point", "coordinates": [-3.2208931, 55.90226]}, "properties": {"id": "way/404743182", "name": "Hunter's Tryst", "amenity": "pub", "address": "97 Oxgangs Road", "postcode": "EH13 9NG", "website": "https://www.emberinns.co.uk/nationalsearch/scotlandandnorthernireland/the-hunters-tryst-edinburgh", "outdoor_seating": null, "food": null}}, {"type": "Feature", "geometry": {"type": "Point", "coordinates": [-3.3559176, 56.0374634]}, "properties": {"id": "way/443476798", "name": "Hugo's Cafe Bar", "amenity": "pub", "address": "Regents Way", "postcode": "KY11 9YD", "website": null, "outdoor_seating": "yes", "food": null}}, {"type": "Feature", "geometry": {"type": "Point", "coordinates": [-3.4239176, 56.0409309]}, "properties": {"id": "way/458783082", "name": "Gothenburg Hotel", "amenity": "pub", "address": "138 Queensferry Road", "postcode": "KY11 2QY", "website": null, "outdoor_seating": null, "food": null}}, {"type": "Feature", "geometry": {"type": "Point", "coordinates": [-3.4346382, 56.0426078]}, "properties": {"id": "way/575546684", "name": "Cottars", "amenity": "pub", "address": "99 Primrose Avenue", "postcode": "KY11 2TX", "website": null, "outdoor_seating": null, "food": null}}, {"type": "Feature", "geometry": {"type": "Point", "coordinates": [-3.373081, 56.040965]}, "properties": {"id": "way/683366905", "name": "Hillend Tavern", "amenity": "pub", "address": "37 Main Street", "postcode": "KY11 9ND", "website": null, "outdoor_seating": null, "food": null}}, {"type": "Feature", "geometry": {"type": "Point", "coordinates": [-3.0364684, 55.9220265]}, "properties": {"id": "way/747136135", "name": "Mercat Grill", "amenity": "pub", "address": "10 Whitecraig Road", "postcode": "EH21 8PG", "website": "https://mercatgrill.com", "outdoor_seating": null, "food": null}}, {"type": "Feature", "geometry": {"type": "Point", "coordinates": [-2.9557696, 55.9477284]}, "properties": {"id": "way/863352978", "name": "The Tower Inn", "amenity": "pub", "address": null, "postcode": null, "website": null, "outdoor_seating": null, "food": null}}, {"type": "Feature", "geometry": {"type": "Point", "coordinates": [-2.9660104, 55.8666146]}, "properties": {"id": "way/917741495", "name": "The Foresters", "amenity": "pub", "address": "107 Main Street", "postcode": "EH37 5PT", "website": null, "outdoor_seating": null, "food": null}}, {"type": "Feature", "geometry": {"type": "Point", "coordinates": [-3.1620438, 55.8725492]}, "properties": {"id": "way/1074937826", "name": "Stewart Brewery Bar & Pizza Kitchen", "amenity": "bar", "address": null, "postcode": null, "website": null, "outdoor_seating": "yes", "food": null}}, {"type": "Feature", "geometry": {"type": "Point", "coordinates": [-3.1890094, 55.9523212]}, "properties": {"id": "way/1251687153", "name": "BrewDog", "amenity": "pub", "address": null, "postcode": "EH1 1BB", "website": "https://drink.brewdog.com/uk/edinburgh-waverley", "outdoor_seating": "no", "food": null}}]}